2026-01-01 10:00:00 INFO Cache refreshed successfully
2026-01-02 10:01:00 INFO Cache refreshed successfully
2026-01-03 10:02:00 ERROR NullPointerException at PaymentService.java:88
2026-01-04 10:03:00 INFO Application heartbeat check completed
2026-01-05 10:04:00 INFO Cache refreshed successfully
2026-01-06 10:05:00 ERROR NullPointerException at PaymentService.java:88
2026-01-07 10:06:00 INFO Application heartbeat check completed
2026-01-08 10:07:00 INFO Cache refreshed successfully
2026-01-09 10:08:00 INFO Cache refreshed successfully
2026-01-10 10:09:00 WARN Slow query detected
2026-01-11 10:10:00 INFO Application heartbeat check completed
2026-01-12 10:11:00 ERROR Connection refused: database unreachable
2026-01-13 10:12:00 WARN Deprecated configuration key used
2026-01-14 10:13:00 ERROR NullPointerException at PaymentService.java:88
2026-01-15 10:14:00 INFO Cache refreshed successfully
2026-01-16 10:15:00 ERROR Connection refused: database unreachable
2026-01-17 10:16:00 ERROR Connection refused: database unreachable
2026-01-18 10:17:00 ERROR Request timeout
2026-01-19 10:18:00 WARN Deprecated configuration key used
2026-01-20 10:19:00 INFO Cache refreshed successfully
2026-01-21 10:20:00 ERROR NullPointerException at PaymentService.java:88
2026-01-22 10:21:00 INFO Cache refreshed successfully
2026-01-23 10:22:00 INFO Application heartbeat check completed
2026-01-24 10:23:00 WARN Slow query detected
2026-01-25 10:24:00 ERROR Connection refused: database unreachable
2026-01-26 10:25:00 INFO Cache refreshed successfully
2026-01-27 10:26:00 INFO Cache refreshed successfully
2026-01-28 10:27:00 WARN Deprecated configuration key used
2026-01-01 10:28:00 ERROR Request timeout
2026-01-02 10:29:00 ERROR Request timeout
2026-01-03 10:30:00 ERROR NullPointerException at PaymentService.java:88
2026-01-04 10:31:00 ERROR Request timeout
2026-01-05 10:32:00 INFO Cache refreshed successfully
2026-01-06 10:33:00 ERROR Connection refused: database unreachable
2026-01-07 10:34:00 INFO Processing scheduled batch job
2026-01-08 10:35:00 WARN Deprecated configuration key used
2026-01-09 10:36:00 INFO Application heartbeat check completed
2026-01-10 10:37:00 ERROR Connection refused: database unreachable
2026-01-11 10:38:00 INFO Application heartbeat check completed
2026-01-12 10:39:00 WARN Deprecated configuration key used
2026-01-13 10:40:00 ERROR Request timeout
2026-01-14 10:41:00 ERROR Request timeout
2026-01-15 10:42:00 INFO Cache refreshed successfully
2026-01-16 10:43:00 ERROR NullPointerException at PaymentService.java:88
2026-01-17 10:44:00 WARN Slow query detected
2026-01-18 10:45:00 WARN Slow query detected
2026-01-19 10:46:00 ERROR Request timeout
2026-01-20 10:47:00 ERROR Request timeout
2026-01-21 10:48:00 INFO Processing scheduled batch job
2026-01-22 10:49:00 ERROR Connection refused: database unreachable
2026-01-23 10:50:00 ERROR Connection refused: database unreachable
2026-01-24 10:51:00 WARN Deprecated configuration key used
2026-01-25 10:52:00 ERROR Request timeout
2026-01-26 10:53:00 INFO Application heartbeat check completed
2026-01-27 10:54:00 WARN Slow query detected
2026-01-28 10:55:00 ERROR Connection refused: database unreachable
2026-01-01 10:56:00 ERROR NullPointerException at PaymentService.java:88
2026-01-02 10:57:00 ERROR Request timeout
2026-01-03 10:58:00 WARN Slow query detected
2026-01-04 10:59:00 ERROR Request timeout
2026-01-05 10:00:00 ERROR NullPointerException at PaymentService.java:88
2026-01-06 10:01:00 INFO Cache refreshed successfully
2026-01-07 10:02:00 INFO Cache refreshed successfully
2026-01-08 10:03:00 INFO Application heartbeat check completed
2026-01-09 10:04:00 ERROR NullPointerException at PaymentService.java:88
2026-01-10 10:05:00 WARN Deprecated configuration key used
2026-01-11 10:06:00 INFO Processing scheduled batch job
2026-01-12 10:07:00 ERROR Connection refused: database unreachable
2026-01-13 10:08:00 INFO Processing scheduled batch job
2026-01-14 10:09:00 ERROR Request timeout
2026-01-15 10:10:00 ERROR Connection refused: database unreachable
2026-01-16 10:11:00 INFO Processing scheduled batch job
2026-01-17 10:12:00 ERROR Connection refused: database unreachable
2026-01-18 10:13:00 ERROR NullPointerException at PaymentService.java:88
2026-01-19 10:14:00 INFO Processing scheduled batch job
2026-01-20 10:15:00 WARN Deprecated configuration key used
2026-01-21 10:16:00 WARN Deprecated configuration key used
2026-01-22 10:17:00 ERROR Request timeout
2026-01-23 10:18:00 INFO Application heartbeat check completed
2026-01-24 10:19:00 ERROR Request timeout
2026-01-25 10:20:00 ERROR Request timeout
2026-01-26 10:21:00 ERROR Connection refused: database unreachable
2026-01-27 10:22:00 ERROR NullPointerException at PaymentService.java:88
2026-01-28 10:23:00 INFO Processing scheduled batch job
2026-01-01 10:24:00 ERROR NullPointerException at PaymentService.java:88
2026-01-02 10:25:00 INFO Cache refreshed successfully
2026-01-03 10:26:00 INFO Cache refreshed successfully
2026-01-04 10:27:00 ERROR Connection refused: database unreachable
2026-01-05 10:28:00 WARN Deprecated configuration key used
2026-01-06 10:29:00 WARN Slow query detected
2026-01-07 10:30:00 WARN Deprecated configuration key used
2026-01-08 10:31:00 ERROR NullPointerException at PaymentService.java:88
2026-01-09 10:32:00 ERROR NullPointerException at PaymentService.java:88
2026-01-10 10:33:00 ERROR Request timeout
2026-01-11 10:34:00 ERROR Connection refused: database unreachable
2026-01-12 10:35:00 INFO Application heartbeat check completed
2026-01-13 10:36:00 ERROR Connection refused: database unreachable
2026-01-14 10:37:00 INFO Processing scheduled batch job
2026-01-15 10:38:00 WARN Slow query detected
2026-01-16 10:39:00 INFO Processing scheduled batch job
2026-01-17 10:40:00 ERROR Request timeout
2026-01-18 10:41:00 INFO Cache refreshed successfully
2026-01-19 10:42:00 ERROR Request timeout
2026-01-20 10:43:00 WARN Slow query detected
2026-01-21 10:44:00 ERROR Request timeout
2026-01-22 10:45:00 WARN Slow query detected
2026-01-23 10:46:00 INFO Cache refreshed successfully
2026-01-24 10:47:00 WARN Slow query detected
2026-01-25 10:48:00 ERROR Connection refused: database unreachable
2026-01-26 10:49:00 WARN Slow query detected
2026-01-27 10:50:00 INFO Cache refreshed successfully
2026-01-28 10:51:00 WARN Slow query detected
2026-01-01 10:52:00 INFO Application heartbeat check completed
2026-01-02 10:53:00 INFO Application heartbeat check completed
2026-01-03 10:54:00 INFO Application heartbeat check completed
2026-01-04 10:55:00 ERROR Request timeout
2026-01-05 10:56:00 INFO Processing scheduled batch job
2026-01-06 10:57:00 ERROR Request timeout
2026-01-07 10:58:00 INFO Cache refreshed successfully
2026-01-08 10:59:00 ERROR NullPointerException at PaymentService.java:88
2026-01-09 10:00:00 WARN Deprecated configuration key used
2026-01-10 10:01:00 INFO Cache refreshed successfully
2026-01-11 10:02:00 ERROR Request timeout
2026-01-12 10:03:00 WARN Deprecated configuration key used
2026-01-13 10:04:00 ERROR Connection refused: database unreachable
2026-01-14 10:05:00 INFO Cache refreshed successfully
2026-01-15 10:06:00 ERROR Connection refused: database unreachable
2026-01-16 10:07:00 ERROR Request timeout
2026-01-17 10:08:00 ERROR NullPointerException at PaymentService.java:88
2026-01-18 10:09:00 ERROR NullPointerException at PaymentService.java:88
2026-01-19 10:10:00 WARN Slow query detected
2026-01-20 10:11:00 INFO Cache refreshed successfully
2026-01-21 10:12:00 INFO Processing scheduled batch job
2026-01-22 10:13:00 ERROR Connection refused: database unreachable
2026-01-23 10:14:00 WARN Slow query detected
2026-01-24 10:15:00 INFO Application heartbeat check completed
2026-01-25 10:16:00 WARN Slow query detected
2026-01-26 10:17:00 INFO Processing scheduled batch job
2026-01-27 10:18:00 INFO Cache refreshed successfully
2026-01-28 10:19:00 ERROR NullPointerException at PaymentService.java:88
2026-01-01 10:20:00 ERROR Request timeout
2026-01-02 10:21:00 INFO Application heartbeat check completed
2026-01-03 10:22:00 INFO Processing scheduled batch job
2026-01-04 10:23:00 ERROR NullPointerException at PaymentService.java:88
2026-01-05 10:24:00 INFO Application heartbeat check completed
2026-01-06 10:25:00 INFO Processing scheduled batch job
2026-01-07 10:26:00 WARN Deprecated configuration key used
2026-01-08 10:27:00 ERROR NullPointerException at PaymentService.java:88
2026-01-09 10:28:00 INFO Processing scheduled batch job
2026-01-10 10:29:00 ERROR Request timeout
2026-01-11 10:30:00 INFO Application heartbeat check completed
2026-01-12 10:31:00 INFO Processing scheduled batch job
2026-01-13 10:32:00 WARN Deprecated configuration key used
2026-01-14 10:33:00 WARN Slow query detected
2026-01-15 10:34:00 ERROR NullPointerException at PaymentService.java:88
2026-01-16 10:35:00 ERROR NullPointerException at PaymentService.java:88
2026-01-17 10:36:00 ERROR Request timeout
2026-01-18 10:37:00 INFO Processing scheduled batch job
2026-01-19 10:38:00 ERROR NullPointerException at PaymentService.java:88
2026-01-20 10:39:00 WARN Slow query detected
2026-01-21 10:40:00 ERROR NullPointerException at PaymentService.java:88
2026-01-22 10:41:00 ERROR Request timeout
2026-01-23 10:42:00 INFO Application heartbeat check completed
2026-01-24 10:43:00 ERROR Connection refused: database unreachable
2026-01-25 10:44:00 INFO Application heartbeat check completed
2026-01-26 10:45:00 INFO Application heartbeat check completed
2026-01-27 10:46:00 ERROR Request timeout
2026-01-28 10:47:00 WARN Deprecated configuration key used
2026-01-01 10:48:00 ERROR Connection refused: database unreachable
2026-01-02 10:49:00 INFO Cache refreshed successfully
2026-01-03 10:50:00 WARN Deprecated configuration key used
2026-01-04 10:51:00 INFO Application heartbeat check completed
2026-01-05 10:52:00 WARN Slow query detected
2026-01-06 10:53:00 INFO Cache refreshed successfully
2026-01-07 10:54:00 WARN Slow query detected
2026-01-08 10:55:00 INFO Processing scheduled batch job
2026-01-09 10:56:00 INFO Processing scheduled batch job
2026-01-10 10:57:00 WARN Slow query detected
2026-01-11 10:58:00 INFO Application heartbeat check completed
2026-01-12 10:59:00 WARN Slow query detected
2026-01-13 10:00:00 ERROR Connection refused: database unreachable
2026-01-14 10:01:00 WARN Deprecated configuration key used
2026-01-15 10:02:00 ERROR NullPointerException at PaymentService.java:88
2026-01-16 10:03:00 ERROR Connection refused: database unreachable
2026-01-17 10:04:00 ERROR NullPointerException at PaymentService.java:88
2026-01-18 10:05:00 WARN Slow query detected
2026-01-19 10:06:00 ERROR Connection refused: database unreachable
2026-01-20 10:07:00 ERROR NullPointerException at PaymentService.java:88
2026-01-21 10:08:00 WARN Deprecated configuration key used
2026-01-22 10:09:00 ERROR NullPointerException at PaymentService.java:88
2026-01-23 10:10:00 WARN Deprecated configuration key used
2026-01-24 10:11:00 INFO Processing scheduled batch job
2026-01-25 10:12:00 ERROR NullPointerException at PaymentService.java:88
2026-01-26 10:13:00 ERROR NullPointerException at PaymentService.java:88
2026-01-27 10:14:00 ERROR Connection refused: database unreachable
2026-01-28 10:15:00 WARN Slow query detected
2026-01-01 10:16:00 INFO Processing scheduled batch job
2026-01-02 10:17:00 ERROR NullPointerException at PaymentService.java:88
2026-01-03 10:18:00 ERROR NullPointerException at PaymentService.java:88
2026-01-04 10:19:00 WARN Deprecated configuration key used
2026-01-05 10:20:00 INFO Application heartbeat check completed
2026-01-06 10:21:00 ERROR Request timeout
2026-01-07 10:22:00 INFO Processing scheduled batch job
2026-01-08 10:23:00 INFO Cache refreshed successfully
2026-01-09 10:24:00 WARN Deprecated configuration key used
2026-01-10 10:25:00 INFO Cache refreshed successfully
2026-01-11 10:26:00 ERROR Connection refused: database unreachable
2026-01-12 10:27:00 WARN Deprecated configuration key used
2026-01-13 10:28:00 WARN Deprecated configuration key used
2026-01-14 10:29:00 INFO Application heartbeat check completed
2026-01-15 10:30:00 INFO Cache refreshed successfully
2026-01-16 10:31:00 INFO Cache refreshed successfully
2026-01-17 10:32:00 ERROR NullPointerException at PaymentService.java:88
2026-01-18 10:33:00 WARN Deprecated configuration key used
2026-01-19 10:34:00 ERROR Connection refused: database unreachable
2026-01-20 10:35:00 WARN Deprecated configuration key used
2026-01-21 10:36:00 ERROR Request timeout
2026-01-22 10:37:00 INFO Cache refreshed successfully
2026-01-23 10:38:00 INFO Application heartbeat check completed
2026-01-24 10:39:00 INFO Cache refreshed successfully
2026-01-25 10:40:00 INFO Application heartbeat check completed
2026-01-26 10:41:00 INFO Processing scheduled batch job
2026-01-27 10:42:00 INFO Processing scheduled batch job
2026-01-28 10:43:00 ERROR NullPointerException at PaymentService.java:88
2026-01-01 10:44:00 ERROR Request timeout
2026-01-02 10:45:00 ERROR NullPointerException at PaymentService.java:88
2026-01-03 10:46:00 WARN Slow query detected
2026-01-04 10:47:00 INFO Application heartbeat check completed
2026-01-05 10:48:00 ERROR Connection refused: database unreachable
2026-01-06 10:49:00 ERROR Connection refused: database unreachable
2026-01-07 10:50:00 INFO Processing scheduled batch job
2026-01-08 10:51:00 INFO Processing scheduled batch job
2026-01-09 10:52:00 INFO Application heartbeat check completed
2026-01-10 10:53:00 INFO Application heartbeat check completed
2026-01-11 10:54:00 ERROR Connection refused: database unreachable
2026-01-12 10:55:00 ERROR Connection refused: database unreachable
2026-01-13 10:56:00 INFO Cache refreshed successfully
2026-01-14 10:57:00 ERROR Connection refused: database unreachable
2026-01-15 10:58:00 ERROR Connection refused: database unreachable
2026-01-16 10:59:00 WARN Slow query detected
2026-01-17 10:00:00 ERROR Request timeout
2026-01-18 10:01:00 INFO Application heartbeat check completed
2026-01-19 10:02:00 ERROR Connection refused: database unreachable
2026-01-20 10:03:00 ERROR Request timeout
2026-01-21 10:04:00 INFO Processing scheduled batch job
2026-01-22 10:05:00 INFO Cache refreshed successfully
2026-01-23 10:06:00 ERROR Request timeout
2026-01-24 10:07:00 WARN Deprecated configuration key used
2026-01-25 10:08:00 INFO Application heartbeat check completed
2026-01-26 10:09:00 ERROR Request timeout
2026-01-27 10:10:00 WARN Slow query detected
2026-01-28 10:11:00 WARN Deprecated configuration key used
2026-01-01 10:12:00 ERROR Request timeout
2026-01-02 10:13:00 INFO Application heartbeat check completed
2026-01-03 10:14:00 INFO Application heartbeat check completed
2026-01-04 10:15:00 ERROR Connection refused: database unreachable
2026-01-05 10:16:00 ERROR Request timeout
2026-01-06 10:17:00 ERROR Connection refused: database unreachable
2026-01-07 10:18:00 ERROR Request timeout
2026-01-08 10:19:00 WARN Deprecated configuration key used
2026-01-09 10:20:00 INFO Cache refreshed successfully
2026-01-10 10:21:00 WARN Slow query detected
2026-01-11 10:22:00 WARN Slow query detected
2026-01-12 10:23:00 ERROR Request timeout
2026-01-13 10:24:00 WARN Deprecated configuration key used
2026-01-14 10:25:00 INFO Cache refreshed successfully
2026-01-15 10:26:00 ERROR NullPointerException at PaymentService.java:88
2026-01-16 10:27:00 WARN Slow query detected
2026-01-17 10:28:00 WARN Slow query detected
2026-01-18 10:29:00 ERROR NullPointerException at PaymentService.java:88
2026-01-19 10:30:00 INFO Cache refreshed successfully
2026-01-20 10:31:00 ERROR Connection refused: database unreachable
2026-01-21 10:32:00 ERROR NullPointerException at PaymentService.java:88
2026-01-22 10:33:00 ERROR Connection refused: database unreachable
2026-01-23 10:34:00 INFO Cache refreshed successfully
2026-01-24 10:35:00 INFO Processing scheduled batch job
2026-01-25 10:36:00 ERROR Request timeout
2026-01-26 10:37:00 INFO Cache refreshed successfully
2026-01-27 10:38:00 INFO Cache refreshed successfully
2026-01-28 10:39:00 WARN Slow query detected
2026-01-01 10:40:00 WARN Slow query detected
2026-01-02 10:41:00 INFO Cache refreshed successfully
2026-01-03 10:42:00 INFO Processing scheduled batch job
2026-01-04 10:43:00 ERROR Request timeout
2026-01-05 10:44:00 INFO Cache refreshed successfully
2026-01-06 10:45:00 ERROR Request timeout
2026-01-07 10:46:00 ERROR NullPointerException at PaymentService.java:88
2026-01-08 10:47:00 WARN Deprecated configuration key used
2026-01-09 10:48:00 INFO Cache refreshed successfully
2026-01-10 10:49:00 ERROR NullPointerException at PaymentService.java:88
2026-01-11 10:50:00 WARN Deprecated configuration key used
2026-01-12 10:51:00 INFO Processing scheduled batch job
2026-01-13 10:52:00 INFO Cache refreshed successfully
2026-01-14 10:53:00 WARN Slow query detected
2026-01-15 10:54:00 INFO Cache refreshed successfully
2026-01-16 10:55:00 ERROR NullPointerException at PaymentService.java:88
2026-01-17 10:56:00 INFO Application heartbeat check completed
2026-01-18 10:57:00 INFO Processing scheduled batch job
2026-01-19 10:58:00 ERROR NullPointerException at PaymentService.java:88
2026-01-20 10:59:00 ERROR NullPointerException at PaymentService.java:88
2026-01-21 10:00:00 ERROR NullPointerException at PaymentService.java:88
2026-01-22 10:01:00 WARN Deprecated configuration key used
2026-01-23 10:02:00 INFO Processing scheduled batch job
2026-01-24 10:03:00 ERROR Connection refused: database unreachable
2026-01-25 10:04:00 WARN Slow query detected
2026-01-26 10:05:00 INFO Cache refreshed successfully
2026-01-27 10:06:00 WARN Deprecated configuration key used
2026-01-28 10:07:00 WARN Deprecated configuration key used
2026-01-01 10:08:00 WARN Deprecated configuration key used
2026-01-02 10:09:00 INFO Processing scheduled batch job
2026-01-03 10:10:00 WARN Slow query detected
2026-01-04 10:11:00 ERROR Connection refused: database unreachable
2026-01-05 10:12:00 INFO Cache refreshed successfully
2026-01-06 10:13:00 INFO Processing scheduled batch job
2026-01-07 10:14:00 ERROR Connection refused: database unreachable
2026-01-08 10:15:00 ERROR Request timeout
2026-01-09 10:16:00 WARN Slow query detected
2026-01-10 10:17:00 ERROR Connection refused: database unreachable
2026-01-11 10:18:00 WARN Slow query detected
2026-01-12 10:19:00 INFO Processing scheduled batch job
2026-01-13 10:20:00 WARN Slow query detected
2026-01-14 10:21:00 ERROR Connection refused: database unreachable
2026-01-15 10:22:00 INFO Application heartbeat check completed
2026-01-16 10:23:00 INFO Processing scheduled batch job
2026-01-17 10:24:00 WARN Deprecated configuration key used
2026-01-18 10:25:00 WARN Deprecated configuration key used
2026-01-19 10:26:00 INFO Application heartbeat check completed
2026-01-20 10:27:00 INFO Cache refreshed successfully
2026-01-21 10:28:00 ERROR Connection refused: database unreachable
2026-01-22 10:29:00 ERROR Request timeout
2026-01-23 10:30:00 WARN Slow query detected
2026-01-24 10:31:00 ERROR Connection refused: database unreachable
2026-01-25 10:32:00 WARN Slow query detected
2026-01-26 10:33:00 INFO Processing scheduled batch job
2026-01-27 10:34:00 INFO Application heartbeat check completed
2026-01-28 10:35:00 ERROR Connection refused: database unreachable
2026-01-01 10:36:00 INFO Application heartbeat check completed
2026-01-02 10:37:00 INFO Processing scheduled batch job
2026-01-03 10:38:00 INFO Application heartbeat check completed
2026-01-04 10:39:00 ERROR Connection refused: database unreachable
2026-01-05 10:40:00 WARN Deprecated configuration key used
2026-01-06 10:41:00 ERROR Request timeout
2026-01-07 10:42:00 INFO Cache refreshed successfully
2026-01-08 10:43:00 WARN Slow query detected
2026-01-09 10:44:00 INFO Application heartbeat check completed
2026-01-10 10:45:00 INFO Processing scheduled batch job
2026-01-11 10:46:00 ERROR Connection refused: database unreachable
2026-01-12 10:47:00 ERROR Request timeout
2026-01-13 10:48:00 ERROR Request timeout
2026-01-14 10:49:00 ERROR NullPointerException at PaymentService.java:88
2026-01-15 10:50:00 INFO Cache refreshed successfully
2026-01-16 10:51:00 ERROR NullPointerException at PaymentService.java:88
2026-01-17 10:52:00 INFO Application heartbeat check completed
2026-01-18 10:53:00 WARN Deprecated configuration key used
2026-01-19 10:54:00 INFO Application heartbeat check completed
2026-01-20 10:55:00 INFO Processing scheduled batch job
2026-01-21 10:56:00 WARN Slow query detected
2026-01-22 10:57:00 INFO Cache refreshed successfully
2026-01-23 10:58:00 INFO Cache refreshed successfully
2026-01-24 10:59:00 INFO Processing scheduled batch job
2026-01-25 10:00:00 ERROR NullPointerException at PaymentService.java:88
2026-01-26 10:01:00 WARN Deprecated configuration key used
2026-01-27 10:02:00 INFO Application heartbeat check completed
2026-01-28 10:03:00 ERROR Request timeout
2026-01-01 10:04:00 ERROR Request timeout
2026-01-02 10:05:00 ERROR Request timeout
2026-01-03 10:06:00 INFO Processing scheduled batch job
2026-01-04 10:07:00 ERROR Request timeout
2026-01-05 10:08:00 INFO Application heartbeat check completed
2026-01-06 10:09:00 ERROR NullPointerException at PaymentService.java:88
2026-01-07 10:10:00 ERROR Request timeout
2026-01-08 10:11:00 ERROR Request timeout
2026-01-09 10:12:00 WARN Slow query detected
2026-01-10 10:13:00 WARN Slow query detected
2026-01-11 10:14:00 INFO Application heartbeat check completed
2026-01-12 10:15:00 WARN Deprecated configuration key used
2026-01-13 10:16:00 INFO Cache refreshed successfully
2026-01-14 10:17:00 WARN Deprecated configuration key used
2026-01-15 10:18:00 INFO Processing scheduled batch job
2026-01-16 10:19:00 WARN Slow query detected
2026-01-17 10:20:00 ERROR Connection refused: database unreachable
2026-01-18 10:21:00 INFO Cache refreshed successfully
2026-01-19 10:22:00 INFO Cache refreshed successfully
2026-01-20 10:23:00 ERROR NullPointerException at PaymentService.java:88
2026-01-21 10:24:00 WARN Deprecated configuration key used
2026-01-22 10:25:00 INFO Processing scheduled batch job
2026-01-23 10:26:00 WARN Deprecated configuration key used
2026-01-24 10:27:00 INFO Cache refreshed successfully
2026-01-25 10:28:00 ERROR NullPointerException at PaymentService.java:88
2026-01-26 10:29:00 ERROR Request timeout
2026-01-27 10:30:00 ERROR Request timeout
2026-01-28 10:31:00 INFO Cache refreshed successfully
2026-01-01 10:32:00 ERROR Connection refused: database unreachable
2026-01-02 10:33:00 INFO Cache refreshed successfully
2026-01-03 10:34:00 ERROR Connection refused: database unreachable
2026-01-04 10:35:00 ERROR Request timeout
2026-01-05 10:36:00 WARN Slow query detected
2026-01-06 10:37:00 INFO Processing scheduled batch job
2026-01-07 10:38:00 ERROR Connection refused: database unreachable
2026-01-08 10:39:00 WARN Deprecated configuration key used
2026-01-09 10:40:00 WARN Slow query detected
2026-01-10 10:41:00 ERROR NullPointerException at PaymentService.java:88
2026-01-11 10:42:00 INFO Application heartbeat check completed
2026-01-12 10:43:00 INFO Application heartbeat check completed
2026-01-13 10:44:00 WARN Slow query detected
2026-01-14 10:45:00 ERROR Request timeout
2026-01-15 10:46:00 ERROR Request timeout
2026-01-16 10:47:00 INFO Cache refreshed successfully
2026-01-17 10:48:00 WARN Deprecated configuration key used
2026-01-18 10:49:00 ERROR Request timeout
2026-01-19 10:50:00 WARN Deprecated configuration key used
2026-01-20 10:51:00 INFO Application heartbeat check completed
2026-01-21 10:52:00 ERROR NullPointerException at PaymentService.java:88
2026-01-22 10:53:00 ERROR Connection refused: database unreachable
2026-01-23 10:54:00 INFO Application heartbeat check completed
2026-01-24 10:55:00 INFO Processing scheduled batch job
2026-01-25 10:56:00 WARN Deprecated configuration key used
2026-01-26 10:57:00 ERROR Request timeout
2026-01-27 10:58:00 WARN Slow query detected
2026-01-28 10:59:00 ERROR Connection refused: database unreachable
2026-01-01 10:00:00 ERROR NullPointerException at PaymentService.java:88
2026-01-02 10:01:00 ERROR Connection refused: database unreachable
2026-01-03 10:02:00 INFO Application heartbeat check completed
2026-01-04 10:03:00 WARN Deprecated configuration key used
2026-01-05 10:04:00 ERROR Request timeout
2026-01-06 10:05:00 ERROR Request timeout
2026-01-07 10:06:00 WARN Deprecated configuration key used
2026-01-08 10:07:00 INFO Application heartbeat check completed
2026-01-09 10:08:00 INFO Cache refreshed successfully
2026-01-10 10:09:00 INFO Application heartbeat check completed
2026-01-11 10:10:00 ERROR Connection refused: database unreachable
2026-01-12 10:11:00 ERROR NullPointerException at PaymentService.java:88
2026-01-13 10:12:00 WARN Deprecated configuration key used
2026-01-14 10:13:00 INFO Application heartbeat check completed
2026-01-15 10:14:00 INFO Application heartbeat check completed
2026-01-16 10:15:00 ERROR NullPointerException at PaymentService.java:88
2026-01-17 10:16:00 WARN Deprecated configuration key used
2026-01-18 10:17:00 ERROR Request timeout
2026-01-19 10:18:00 INFO Application heartbeat check completed
2026-01-20 10:19:00 ERROR NullPointerException at PaymentService.java:88
2026-01-21 10:20:00 INFO Application heartbeat check completed
2026-01-22 10:21:00 ERROR NullPointerException at PaymentService.java:88
2026-01-23 10:22:00 ERROR Connection refused: database unreachable
2026-01-24 10:23:00 INFO Application heartbeat check completed
2026-01-25 10:24:00 ERROR NullPointerException at PaymentService.java:88
2026-01-26 10:25:00 ERROR Connection refused: database unreachable
2026-01-27 10:26:00 WARN Deprecated configuration key used
2026-01-28 10:27:00 INFO Processing scheduled batch job
2026-01-01 10:28:00 ERROR NullPointerException at PaymentService.java:88
2026-01-02 10:29:00 ERROR Request timeout
2026-01-03 10:30:00 ERROR Request timeout
2026-01-04 10:31:00 WARN Slow query detected
2026-01-05 10:32:00 INFO Processing scheduled batch job
2026-01-06 10:33:00 INFO Application heartbeat check completed
2026-01-07 10:34:00 INFO Processing scheduled batch job
2026-01-08 10:35:00 INFO Application heartbeat check completed
2026-01-09 10:36:00 ERROR NullPointerException at PaymentService.java:88
2026-01-10 10:37:00 INFO Cache refreshed successfully
2026-01-11 10:38:00 ERROR Connection refused: database unreachable
2026-01-12 10:39:00 INFO Processing scheduled batch job
2026-01-13 10:40:00 ERROR Connection refused: database unreachable
2026-01-14 10:41:00 INFO Processing scheduled batch job
2026-01-15 10:42:00 INFO Processing scheduled batch job
2026-01-16 10:43:00 ERROR NullPointerException at PaymentService.java:88
2026-01-17 10:44:00 INFO Cache refreshed successfully
2026-01-18 10:45:00 INFO Cache refreshed successfully
2026-01-19 10:46:00 ERROR NullPointerException at PaymentService.java:88
2026-01-20 10:47:00 ERROR Connection refused: database unreachable
2026-01-21 10:48:00 INFO Cache refreshed successfully
2026-01-22 10:49:00 WARN Slow query detected
2026-01-23 10:50:00 WARN Deprecated configuration key used
2026-01-24 10:51:00 ERROR Connection refused: database unreachable
2026-01-25 10:52:00 WARN Deprecated configuration key used
2026-01-26 10:53:00 WARN Deprecated configuration key used
2026-01-27 10:54:00 INFO Application heartbeat check completed
2026-01-28 10:55:00 INFO Cache refreshed successfully
2026-01-01 10:56:00 INFO Application heartbeat check completed
2026-01-02 10:57:00 ERROR NullPointerException at PaymentService.java:88
2026-01-03 10:58:00 INFO Processing scheduled batch job
2026-01-04 10:59:00 ERROR Request timeout
2026-01-05 10:00:00 ERROR Connection refused: database unreachable
2026-01-06 10:01:00 INFO Cache refreshed successfully
2026-01-07 10:02:00 ERROR NullPointerException at PaymentService.java:88
2026-01-08 10:03:00 WARN Deprecated configuration key used
2026-01-09 10:04:00 INFO Application heartbeat check completed
2026-01-10 10:05:00 WARN Slow query detected
2026-01-11 10:06:00 INFO Processing scheduled batch job
2026-01-12 10:07:00 ERROR Connection refused: database unreachable
2026-01-13 10:08:00 ERROR NullPointerException at PaymentService.java:88
2026-01-14 10:09:00 ERROR Connection refused: database unreachable
2026-01-15 10:10:00 INFO Processing scheduled batch job
2026-01-16 10:11:00 ERROR Request timeout
2026-01-17 10:12:00 WARN Deprecated configuration key used
2026-01-18 10:13:00 ERROR Request timeout
2026-01-19 10:14:00 INFO Application heartbeat check completed
2026-01-20 10:15:00 ERROR Connection refused: database unreachable
2026-01-21 10:16:00 ERROR Request timeout
2026-01-22 10:17:00 INFO Processing scheduled batch job
2026-01-23 10:18:00 INFO Application heartbeat check completed
2026-01-24 10:19:00 WARN Slow query detected
2026-01-25 10:20:00 ERROR NullPointerException at PaymentService.java:88
2026-01-26 10:21:00 ERROR Request timeout
2026-01-27 10:22:00 INFO Application heartbeat check completed
2026-01-28 10:23:00 INFO Cache refreshed successfully
2026-01-01 10:24:00 ERROR Connection refused: database unreachable
2026-01-02 10:25:00 ERROR Connection refused: database unreachable
2026-01-03 10:26:00 ERROR Request timeout
2026-01-04 10:27:00 INFO Application heartbeat check completed
2026-01-05 10:28:00 ERROR Connection refused: database unreachable
2026-01-06 10:29:00 INFO Processing scheduled batch job
2026-01-07 10:30:00 ERROR NullPointerException at PaymentService.java:88
2026-01-08 10:31:00 INFO Application heartbeat check completed
2026-01-09 10:32:00 WARN Slow query detected
2026-01-10 10:33:00 INFO Cache refreshed successfully
2026-01-11 10:34:00 WARN Slow query detected
2026-01-12 10:35:00 ERROR NullPointerException at PaymentService.java:88
2026-01-13 10:36:00 ERROR NullPointerException at PaymentService.java:88
2026-01-14 10:37:00 ERROR NullPointerException at PaymentService.java:88
2026-01-15 10:38:00 INFO Processing scheduled batch job
2026-01-16 10:39:00 INFO Cache refreshed successfully
2026-01-17 10:40:00 INFO Cache refreshed successfully
2026-01-18 10:41:00 ERROR NullPointerException at PaymentService.java:88
2026-01-19 10:42:00 ERROR NullPointerException at PaymentService.java:88
2026-01-20 10:43:00 INFO Cache refreshed successfully
2026-01-21 10:44:00 INFO Processing scheduled batch job
2026-01-22 10:45:00 WARN Deprecated configuration key used
2026-01-23 10:46:00 INFO Cache refreshed successfully
2026-01-24 10:47:00 ERROR Connection refused: database unreachable
2026-01-25 10:48:00 ERROR NullPointerException at PaymentService.java:88
2026-01-26 10:49:00 ERROR NullPointerException at PaymentService.java:88
2026-01-27 10:50:00 INFO Cache refreshed successfully
2026-01-28 10:51:00 ERROR Connection refused: database unreachable
2026-01-01 10:52:00 INFO Cache refreshed successfully
2026-01-02 10:53:00 INFO Application heartbeat check completed
2026-01-03 10:54:00 WARN Slow query detected
2026-01-04 10:55:00 INFO Application heartbeat check completed
2026-01-05 10:56:00 INFO Cache refreshed successfully
2026-01-06 10:57:00 ERROR NullPointerException at PaymentService.java:88
2026-01-07 10:58:00 INFO Processing scheduled batch job
2026-01-08 10:59:00 WARN Deprecated configuration key used
2026-01-09 10:00:00 WARN Deprecated configuration key used
2026-01-10 10:01:00 INFO Cache refreshed successfully
2026-01-11 10:02:00 ERROR NullPointerException at PaymentService.java:88
2026-01-12 10:03:00 ERROR Connection refused: database unreachable
2026-01-13 10:04:00 WARN Slow query detected
2026-01-14 10:05:00 WARN Slow query detected
2026-01-15 10:06:00 INFO Processing scheduled batch job
2026-01-16 10:07:00 WARN Slow query detected
2026-01-17 10:08:00 INFO Application heartbeat check completed
2026-01-18 10:09:00 INFO Application heartbeat check completed
2026-01-19 10:10:00 ERROR Request timeout
2026-01-20 10:11:00 WARN Slow query detected
2026-01-21 10:12:00 INFO Cache refreshed successfully
2026-01-22 10:13:00 ERROR Connection refused: database unreachable
2026-01-23 10:14:00 INFO Application heartbeat check completed
2026-01-24 10:15:00 ERROR Request timeout
2026-01-25 10:16:00 INFO Cache refreshed successfully
2026-01-26 10:17:00 INFO Cache refreshed successfully
2026-01-27 10:18:00 WARN Deprecated configuration key used
2026-01-28 10:19:00 ERROR Request timeout
2026-01-01 10:20:00 INFO Application heartbeat check completed
2026-01-02 10:21:00 WARN Slow query detected
2026-01-03 10:22:00 INFO Application heartbeat check completed
2026-01-04 10:23:00 INFO Cache refreshed successfully
2026-01-05 10:24:00 INFO Processing scheduled batch job
2026-01-06 10:25:00 INFO Cache refreshed successfully
2026-01-07 10:26:00 ERROR NullPointerException at PaymentService.java:88
2026-01-08 10:27:00 WARN Deprecated configuration key used
2026-01-09 10:28:00 INFO Processing scheduled batch job
2026-01-10 10:29:00 INFO Cache refreshed successfully
2026-01-11 10:30:00 WARN Slow query detected
2026-01-12 10:31:00 INFO Application heartbeat check completed
2026-01-13 10:32:00 INFO Processing scheduled batch job
2026-01-14 10:33:00 INFO Processing scheduled batch job
2026-01-15 10:34:00 INFO Cache refreshed successfully
2026-01-16 10:35:00 INFO Processing scheduled batch job
2026-01-17 10:36:00 ERROR Connection refused: database unreachable
2026-01-18 10:37:00 ERROR Connection refused: database unreachable
2026-01-19 10:38:00 ERROR Connection refused: database unreachable
2026-01-20 10:39:00 ERROR NullPointerException at PaymentService.java:88
2026-01-21 10:40:00 INFO Processing scheduled batch job
2026-01-22 10:41:00 ERROR NullPointerException at PaymentService.java:88
2026-01-23 10:42:00 ERROR Request timeout
2026-01-24 10:43:00 INFO Processing scheduled batch job
2026-01-25 10:44:00 INFO Cache refreshed successfully
2026-01-26 10:45:00 ERROR Request timeout
2026-01-27 10:46:00 INFO Processing scheduled batch job
2026-01-28 10:47:00 INFO Application heartbeat check completed
2026-01-01 10:48:00 WARN Slow query detected
2026-01-02 10:49:00 ERROR Connection refused: database unreachable
2026-01-03 10:50:00 ERROR NullPointerException at PaymentService.java:88
2026-01-04 10:51:00 ERROR Connection refused: database unreachable
2026-01-05 10:52:00 INFO Cache refreshed successfully
2026-01-06 10:53:00 INFO Processing scheduled batch job
2026-01-07 10:54:00 INFO Processing scheduled batch job
2026-01-08 10:55:00 INFO Processing scheduled batch job
2026-01-09 10:56:00 INFO Application heartbeat check completed
2026-01-10 10:57:00 ERROR Request timeout
2026-01-11 10:58:00 INFO Application heartbeat check completed
2026-01-12 10:59:00 INFO Cache refreshed successfully
2026-01-13 10:00:00 INFO Cache refreshed successfully
2026-01-14 10:01:00 ERROR Request timeout
2026-01-15 10:02:00 INFO Processing scheduled batch job
2026-01-16 10:03:00 WARN Deprecated configuration key used
2026-01-17 10:04:00 WARN Deprecated configuration key used
2026-01-18 10:05:00 INFO Application heartbeat check completed
2026-01-19 10:06:00 ERROR Request timeout
2026-01-20 10:07:00 INFO Application heartbeat check completed
2026-01-21 10:08:00 INFO Application heartbeat check completed
2026-01-22 10:09:00 WARN Deprecated configuration key used
2026-01-23 10:10:00 INFO Processing scheduled batch job
2026-01-24 10:11:00 INFO Cache refreshed successfully
2026-01-25 10:12:00 WARN Deprecated configuration key used
2026-01-26 10:13:00 INFO Application heartbeat check completed
2026-01-27 10:14:00 INFO Processing scheduled batch job
2026-01-28 10:15:00 INFO Processing scheduled batch job
2026-01-01 10:16:00 ERROR Connection refused: database unreachable
2026-01-02 10:17:00 WARN Slow query detected
2026-01-03 10:18:00 ERROR NullPointerException at PaymentService.java:88
2026-01-04 10:19:00 INFO Cache refreshed successfully
2026-01-05 10:20:00 INFO Application heartbeat check completed
2026-01-06 10:21:00 ERROR Request timeout
2026-01-07 10:22:00 INFO Application heartbeat check completed
2026-01-08 10:23:00 WARN Deprecated configuration key used
2026-01-09 10:24:00 WARN Slow query detected
2026-01-10 10:25:00 INFO Cache refreshed successfully
2026-01-11 10:26:00 WARN Deprecated configuration key used
2026-01-12 10:27:00 ERROR Connection refused: database unreachable
2026-01-13 10:28:00 ERROR Connection refused: database unreachable
2026-01-14 10:29:00 INFO Processing scheduled batch job
2026-01-15 10:30:00 INFO Processing scheduled batch job
2026-01-16 10:31:00 ERROR Connection refused: database unreachable
2026-01-17 10:32:00 INFO Processing scheduled batch job
2026-01-18 10:33:00 INFO Processing scheduled batch job
2026-01-19 10:34:00 ERROR Request timeout
2026-01-20 10:35:00 ERROR NullPointerException at PaymentService.java:88
2026-01-21 10:36:00 ERROR Request timeout
2026-01-22 10:37:00 ERROR Request timeout
2026-01-23 10:38:00 INFO Application heartbeat check completed
2026-01-24 10:39:00 INFO Cache refreshed successfully
2026-01-25 10:40:00 ERROR Request timeout
2026-01-26 10:41:00 ERROR Connection refused: database unreachable
2026-01-27 10:42:00 INFO Processing scheduled batch job
2026-01-28 10:43:00 INFO Application heartbeat check completed
2026-01-01 10:44:00 INFO Processing scheduled batch job
2026-01-02 10:45:00 INFO Application heartbeat check completed
2026-01-03 10:46:00 INFO Application heartbeat check completed
2026-01-04 10:47:00 INFO Cache refreshed successfully
2026-01-05 10:48:00 INFO Application heartbeat check completed
2026-01-06 10:49:00 ERROR Request timeout
2026-01-07 10:50:00 ERROR Connection refused: database unreachable
2026-01-08 10:51:00 WARN Deprecated configuration key used
2026-01-09 10:52:00 INFO Processing scheduled batch job
2026-01-10 10:53:00 WARN Slow query detected
2026-01-11 10:54:00 INFO Cache refreshed successfully
2026-01-12 10:55:00 INFO Cache refreshed successfully
2026-01-13 10:56:00 WARN Deprecated configuration key used
2026-01-14 10:57:00 ERROR Connection refused: database unreachable
2026-01-15 10:58:00 ERROR Connection refused: database unreachable
2026-01-16 10:59:00 ERROR Request timeout
2026-01-17 10:00:00 ERROR Connection refused: database unreachable
2026-01-18 10:01:00 ERROR Request timeout
2026-01-19 10:02:00 INFO Processing scheduled batch job
2026-01-20 10:03:00 WARN Deprecated configuration key used
2026-01-21 10:04:00 ERROR NullPointerException at PaymentService.java:88
2026-01-22 10:05:00 ERROR Connection refused: database unreachable
2026-01-23 10:06:00 ERROR NullPointerException at PaymentService.java:88
2026-01-24 10:07:00 INFO Processing scheduled batch job
2026-01-25 10:08:00 INFO Processing scheduled batch job
2026-01-26 10:09:00 WARN Slow query detected
2026-01-27 10:10:00 ERROR Request timeout
2026-01-28 10:11:00 INFO Processing scheduled batch job
2026-01-01 10:12:00 ERROR NullPointerException at PaymentService.java:88
2026-01-02 10:13:00 WARN Deprecated configuration key used
2026-01-03 10:14:00 INFO Application heartbeat check completed
2026-01-04 10:15:00 WARN Slow query detected
2026-01-05 10:16:00 INFO Cache refreshed successfully
2026-01-06 10:17:00 INFO Application heartbeat check completed
2026-01-07 10:18:00 WARN Slow query detected
2026-01-08 10:19:00 ERROR Connection refused: database unreachable
2026-01-09 10:20:00 ERROR Connection refused: database unreachable
2026-01-10 10:21:00 ERROR NullPointerException at PaymentService.java:88
2026-01-11 10:22:00 ERROR NullPointerException at PaymentService.java:88
2026-01-12 10:23:00 INFO Application heartbeat check completed
2026-01-13 10:24:00 ERROR NullPointerException at PaymentService.java:88
2026-01-14 10:25:00 WARN Deprecated configuration key used
2026-01-15 10:26:00 INFO Application heartbeat check completed
2026-01-16 10:27:00 WARN Slow query detected
2026-01-17 10:28:00 ERROR Request timeout
2026-01-18 10:29:00 INFO Application heartbeat check completed
2026-01-19 10:30:00 ERROR Request timeout
2026-01-20 10:31:00 ERROR Request timeout
2026-01-21 10:32:00 INFO Processing scheduled batch job
2026-01-22 10:33:00 ERROR NullPointerException at PaymentService.java:88
2026-01-23 10:34:00 INFO Application heartbeat check completed
2026-01-24 10:35:00 WARN Slow query detected
2026-01-25 10:36:00 ERROR Request timeout
2026-01-26 10:37:00 INFO Processing scheduled batch job
2026-01-27 10:38:00 INFO Application heartbeat check completed
2026-01-28 10:39:00 WARN Slow query detected
2026-01-01 10:40:00 INFO Cache refreshed successfully
2026-01-02 10:41:00 ERROR Request timeout
2026-01-03 10:42:00 WARN Slow query detected
2026-01-04 10:43:00 INFO Processing scheduled batch job
2026-01-05 10:44:00 ERROR NullPointerException at PaymentService.java:88
2026-01-06 10:45:00 INFO Processing scheduled batch job
2026-01-07 10:46:00 INFO Processing scheduled batch job
2026-01-08 10:47:00 INFO Processing scheduled batch job
2026-01-09 10:48:00 WARN Slow query detected
2026-01-10 10:49:00 ERROR Connection refused: database unreachable
2026-01-11 10:50:00 ERROR NullPointerException at PaymentService.java:88
2026-01-12 10:51:00 ERROR NullPointerException at PaymentService.java:88
2026-01-13 10:52:00 ERROR NullPointerException at PaymentService.java:88
2026-01-14 10:53:00 WARN Deprecated configuration key used
2026-01-15 10:54:00 ERROR NullPointerException at PaymentService.java:88
2026-01-16 10:55:00 INFO Cache refreshed successfully
2026-01-17 10:56:00 WARN Deprecated configuration key used
2026-01-18 10:57:00 WARN Slow query detected
2026-01-19 10:58:00 INFO Application heartbeat check completed
2026-01-20 10:59:00 ERROR Request timeout
2026-01-21 10:00:00 WARN Slow query detected
2026-01-22 10:01:00 WARN Slow query detected
2026-01-23 10:02:00 INFO Cache refreshed successfully
2026-01-24 10:03:00 WARN Slow query detected
2026-01-25 10:04:00 INFO Processing scheduled batch job
2026-01-26 10:05:00 WARN Slow query detected
2026-01-27 10:06:00 INFO Processing scheduled batch job
2026-01-28 10:07:00 ERROR Request timeout
2026-01-01 10:08:00 WARN Deprecated configuration key used
2026-01-02 10:09:00 INFO Cache refreshed successfully
2026-01-03 10:10:00 ERROR Connection refused: database unreachable
2026-01-04 10:11:00 WARN Slow query detected
2026-01-05 10:12:00 WARN Slow query detected
2026-01-06 10:13:00 WARN Slow query detected
2026-01-07 10:14:00 INFO Application heartbeat check completed
2026-01-08 10:15:00 INFO Cache refreshed successfully
2026-01-09 10:16:00 INFO Application heartbeat check completed
2026-01-10 10:17:00 WARN Slow query detected
2026-01-11 10:18:00 WARN Slow query detected
2026-01-12 10:19:00 ERROR NullPointerException at PaymentService.java:88
2026-01-13 10:20:00 ERROR Connection refused: database unreachable
2026-01-14 10:21:00 ERROR Request timeout
2026-01-15 10:22:00 INFO Cache refreshed successfully
2026-01-16 10:23:00 WARN Slow query detected
2026-01-17 10:24:00 ERROR NullPointerException at PaymentService.java:88
2026-01-18 10:25:00 ERROR NullPointerException at PaymentService.java:88
2026-01-19 10:26:00 INFO Cache refreshed successfully
2026-01-20 10:27:00 ERROR Request timeout
2026-01-21 10:28:00 INFO Processing scheduled batch job
2026-01-22 10:29:00 INFO Cache refreshed successfully
2026-01-23 10:30:00 INFO Application heartbeat check completed
2026-01-24 10:31:00 INFO Processing scheduled batch job
2026-01-25 10:32:00 INFO Cache refreshed successfully
2026-01-26 10:33:00 WARN Deprecated configuration key used
2026-01-27 10:34:00 ERROR Connection refused: database unreachable
2026-01-28 10:35:00 INFO Processing scheduled batch job
2026-01-01 10:36:00 ERROR Request timeout
2026-01-02 10:37:00 WARN Slow query detected
2026-01-03 10:38:00 WARN Slow query detected
2026-01-04 10:39:00 WARN Deprecated configuration key used
2026-01-05 10:40:00 ERROR Connection refused: database unreachable
2026-01-06 10:41:00 INFO Processing scheduled batch job
2026-01-07 10:42:00 ERROR Connection refused: database unreachable
2026-01-08 10:43:00 INFO Application heartbeat check completed
2026-01-09 10:44:00 ERROR NullPointerException at PaymentService.java:88
2026-01-10 10:45:00 WARN Slow query detected
2026-01-11 10:46:00 INFO Processing scheduled batch job
2026-01-12 10:47:00 INFO Application heartbeat check completed
2026-01-13 10:48:00 INFO Cache refreshed successfully
2026-01-14 10:49:00 ERROR Request timeout
2026-01-15 10:50:00 WARN Slow query detected
2026-01-16 10:51:00 INFO Processing scheduled batch job
2026-01-17 10:52:00 INFO Cache refreshed successfully
2026-01-18 10:53:00 WARN Deprecated configuration key used
2026-01-19 10:54:00 WARN Slow query detected
2026-01-20 10:55:00 ERROR Connection refused: database unreachable
2026-01-21 10:56:00 ERROR Request timeout
2026-01-22 10:57:00 INFO Cache refreshed successfully
2026-01-23 10:58:00 INFO Cache refreshed successfully
2026-01-24 10:59:00 ERROR NullPointerException at PaymentService.java:88
2026-01-25 10:00:00 INFO Application heartbeat check completed
2026-01-26 10:01:00 ERROR Connection refused: database unreachable
2026-01-27 10:02:00 ERROR NullPointerException at PaymentService.java:88
2026-01-28 10:03:00 ERROR Request timeout
2026-01-01 10:04:00 ERROR Connection refused: database unreachable
2026-01-02 10:05:00 INFO Cache refreshed successfully
2026-01-03 10:06:00 ERROR NullPointerException at PaymentService.java:88
2026-01-04 10:07:00 INFO Cache refreshed successfully
2026-01-05 10:08:00 WARN Deprecated configuration key used
2026-01-06 10:09:00 INFO Application heartbeat check completed
2026-01-07 10:10:00 INFO Processing scheduled batch job
2026-01-08 10:11:00 INFO Application heartbeat check completed
2026-01-09 10:12:00 ERROR Connection refused: database unreachable
2026-01-10 10:13:00 WARN Deprecated configuration key used
2026-01-11 10:14:00 INFO Cache refreshed successfully
2026-01-12 10:15:00 INFO Cache refreshed successfully
2026-01-13 10:16:00 INFO Processing scheduled batch job
2026-01-14 10:17:00 INFO Application heartbeat check completed
2026-01-15 10:18:00 ERROR Connection refused: database unreachable
2026-01-16 10:19:00 ERROR NullPointerException at PaymentService.java:88
2026-01-17 10:20:00 INFO Application heartbeat check completed
2026-01-18 10:21:00 ERROR Connection refused: database unreachable
2026-01-19 10:22:00 INFO Cache refreshed successfully
2026-01-20 10:23:00 ERROR NullPointerException at PaymentService.java:88
2026-01-21 10:24:00 INFO Processing scheduled batch job
2026-01-22 10:25:00 ERROR Request timeout
2026-01-23 10:26:00 WARN Deprecated configuration key used
2026-01-24 10:27:00 ERROR Request timeout
2026-01-25 10:28:00 INFO Cache refreshed successfully
2026-01-26 10:29:00 ERROR Request timeout
2026-01-27 10:30:00 INFO Processing scheduled batch job
2026-01-28 10:31:00 WARN Slow query detected
2026-01-01 10:32:00 ERROR NullPointerException at PaymentService.java:88
2026-01-02 10:33:00 INFO Application heartbeat check completed
2026-01-03 10:34:00 INFO Application heartbeat check completed
2026-01-04 10:35:00 ERROR Connection refused: database unreachable
2026-01-05 10:36:00 ERROR Request timeout
2026-01-06 10:37:00 WARN Slow query detected
2026-01-07 10:38:00 INFO Processing scheduled batch job
2026-01-08 10:39:00 WARN Slow query detected
2026-01-09 10:40:00 ERROR Connection refused: database unreachable
2026-01-10 10:41:00 ERROR Request timeout
2026-01-11 10:42:00 ERROR NullPointerException at PaymentService.java:88
2026-01-12 10:43:00 INFO Application heartbeat check completed
2026-01-13 10:44:00 INFO Cache refreshed successfully
2026-01-14 10:45:00 INFO Processing scheduled batch job
2026-01-15 10:46:00 WARN Slow query detected
2026-01-16 10:47:00 INFO Application heartbeat check completed
2026-01-17 10:48:00 ERROR Request timeout
2026-01-18 10:49:00 WARN Slow query detected
2026-01-19 10:50:00 INFO Cache refreshed successfully
2026-01-20 10:51:00 INFO Cache refreshed successfully
2026-01-21 10:52:00 WARN Slow query detected
2026-01-22 10:53:00 WARN Deprecated configuration key used
2026-01-23 10:54:00 ERROR NullPointerException at PaymentService.java:88
2026-01-24 10:55:00 ERROR Connection refused: database unreachable
2026-01-25 10:56:00 ERROR Request timeout
2026-01-26 10:57:00 INFO Cache refreshed successfully
2026-01-27 10:58:00 ERROR Request timeout
2026-01-28 10:59:00 INFO Cache refreshed successfully
2026-01-01 10:00:00 WARN Slow query detected
2026-01-02 10:01:00 ERROR NullPointerException at PaymentService.java:88
2026-01-03 10:02:00 ERROR Connection refused: database unreachable
2026-01-04 10:03:00 WARN Deprecated configuration key used
2026-01-05 10:04:00 INFO Application heartbeat check completed
2026-01-06 10:05:00 WARN Deprecated configuration key used
2026-01-07 10:06:00 ERROR Connection refused: database unreachable
2026-01-08 10:07:00 INFO Application heartbeat check completed
2026-01-09 10:08:00 WARN Deprecated configuration key used
2026-01-10 10:09:00 ERROR NullPointerException at PaymentService.java:88
2026-01-11 10:10:00 INFO Cache refreshed successfully
2026-01-12 10:11:00 WARN Slow query detected
2026-01-13 10:12:00 ERROR Connection refused: database unreachable
2026-01-14 10:13:00 ERROR Connection refused: database unreachable
2026-01-15 10:14:00 WARN Deprecated configuration key used
2026-01-16 10:15:00 INFO Application heartbeat check completed
2026-01-17 10:16:00 INFO Application heartbeat check completed
2026-01-18 10:17:00 INFO Cache refreshed successfully
2026-01-19 10:18:00 INFO Application heartbeat check completed
2026-01-20 10:19:00 ERROR Request timeout
2026-01-21 10:20:00 ERROR NullPointerException at PaymentService.java:88
2026-01-22 10:21:00 INFO Application heartbeat check completed
2026-01-23 10:22:00 INFO Processing scheduled batch job
2026-01-24 10:23:00 INFO Application heartbeat check completed
2026-01-25 10:24:00 INFO Cache refreshed successfully
2026-01-26 10:25:00 WARN Deprecated configuration key used
2026-01-27 10:26:00 ERROR Connection refused: database unreachable
2026-01-28 10:27:00 INFO Processing scheduled batch job
2026-01-01 10:28:00 INFO Cache refreshed successfully
2026-01-02 10:29:00 ERROR Request timeout
2026-01-03 10:30:00 WARN Slow query detected
2026-01-04 10:31:00 ERROR Connection refused: database unreachable
2026-01-05 10:32:00 ERROR Connection refused: database unreachable
2026-01-06 10:33:00 ERROR Connection refused: database unreachable
2026-01-07 10:34:00 INFO Processing scheduled batch job
2026-01-08 10:35:00 ERROR Connection refused: database unreachable
2026-01-09 10:36:00 INFO Application heartbeat check completed
2026-01-10 10:37:00 INFO Cache refreshed successfully
2026-01-11 10:38:00 INFO Cache refreshed successfully
2026-01-12 10:39:00 INFO Processing scheduled batch job
2026-01-13 10:40:00 WARN Slow query detected
2026-01-14 10:41:00 INFO Application heartbeat check completed
2026-01-15 10:42:00 ERROR Request timeout
2026-01-16 10:43:00 INFO Cache refreshed successfully
2026-01-17 10:44:00 ERROR Connection refused: database unreachable
2026-01-18 10:45:00 INFO Processing scheduled batch job
2026-01-19 10:46:00 ERROR Connection refused: database unreachable
2026-01-20 10:47:00 ERROR Connection refused: database unreachable
2026-01-21 10:48:00 WARN Slow query detected
2026-01-22 10:49:00 INFO Processing scheduled batch job
2026-01-23 10:50:00 WARN Slow query detected
2026-01-24 10:51:00 ERROR Connection refused: database unreachable
2026-01-25 10:52:00 ERROR Request timeout
2026-01-26 10:53:00 INFO Application heartbeat check completed
2026-01-27 10:54:00 ERROR Request timeout
2026-01-28 10:55:00 WARN Slow query detected
2026-01-01 10:56:00 WARN Deprecated configuration key used
2026-01-02 10:57:00 ERROR Request timeout
2026-01-03 10:58:00 ERROR NullPointerException at PaymentService.java:88
2026-01-04 10:59:00 ERROR NullPointerException at PaymentService.java:88
2026-01-05 10:00:00 ERROR Connection refused: database unreachable
2026-01-06 10:01:00 ERROR Request timeout
2026-01-07 10:02:00 INFO Cache refreshed successfully
2026-01-08 10:03:00 ERROR Connection refused: database unreachable
2026-01-09 10:04:00 WARN Deprecated configuration key used
2026-01-10 10:05:00 INFO Cache refreshed successfully
2026-01-11 10:06:00 ERROR Connection refused: database unreachable
2026-01-12 10:07:00 ERROR Request timeout
2026-01-13 10:08:00 ERROR Request timeout
2026-01-14 10:09:00 INFO Application heartbeat check completed
2026-01-15 10:10:00 WARN Deprecated configuration key used
2026-01-16 10:11:00 ERROR Connection refused: database unreachable
2026-01-17 10:12:00 INFO Application heartbeat check completed
2026-01-18 10:13:00 WARN Slow query detected
2026-01-19 10:14:00 INFO Processing scheduled batch job
2026-01-20 10:15:00 WARN Slow query detected
2026-01-21 10:16:00 ERROR Request timeout
2026-01-22 10:17:00 INFO Cache refreshed successfully
2026-01-23 10:18:00 ERROR NullPointerException at PaymentService.java:88
2026-01-24 10:19:00 INFO Cache refreshed successfully
2026-01-25 10:20:00 WARN Slow query detected
2026-01-26 10:21:00 ERROR Connection refused: database unreachable
2026-01-27 10:22:00 ERROR Request timeout
2026-01-28 10:23:00 INFO Application heartbeat check completed
2026-01-01 10:24:00 INFO Cache refreshed successfully
2026-01-02 10:25:00 ERROR NullPointerException at PaymentService.java:88
2026-01-03 10:26:00 ERROR Request timeout
2026-01-04 10:27:00 WARN Slow query detected
2026-01-05 10:28:00 INFO Application heartbeat check completed
2026-01-06 10:29:00 INFO Application heartbeat check completed
2026-01-07 10:30:00 WARN Slow query detected
2026-01-08 10:31:00 ERROR NullPointerException at PaymentService.java:88
2026-01-09 10:32:00 INFO Cache refreshed successfully
2026-01-10 10:33:00 ERROR Request timeout
2026-01-11 10:34:00 ERROR Request timeout
2026-01-12 10:35:00 INFO Cache refreshed successfully
2026-01-13 10:36:00 INFO Cache refreshed successfully
2026-01-14 10:37:00 INFO Application heartbeat check completed
2026-01-15 10:38:00 INFO Cache refreshed successfully
2026-01-16 10:39:00 INFO Cache refreshed successfully
2026-01-17 10:40:00 ERROR NullPointerException at PaymentService.java:88
2026-01-18 10:41:00 ERROR Connection refused: database unreachable
2026-01-19 10:42:00 ERROR NullPointerException at PaymentService.java:88
2026-01-20 10:43:00 ERROR Request timeout
2026-01-21 10:44:00 WARN Slow query detected
2026-01-22 10:45:00 INFO Cache refreshed successfully
2026-01-23 10:46:00 WARN Slow query detected
2026-01-24 10:47:00 WARN Slow query detected
2026-01-25 10:48:00 WARN Deprecated configuration key used
2026-01-26 10:49:00 INFO Application heartbeat check completed
2026-01-27 10:50:00 INFO Application heartbeat check completed
2026-01-28 10:51:00 WARN Slow query detected
2026-01-01 10:52:00 WARN Deprecated configuration key used
2026-01-02 10:53:00 INFO Application heartbeat check completed
2026-01-03 10:54:00 INFO Cache refreshed successfully
2026-01-04 10:55:00 ERROR NullPointerException at PaymentService.java:88
2026-01-05 10:56:00 INFO Processing scheduled batch job
2026-01-06 10:57:00 WARN Deprecated configuration key used
2026-01-07 10:58:00 ERROR NullPointerException at PaymentService.java:88
2026-01-08 10:59:00 INFO Application heartbeat check completed
2026-01-09 10:00:00 ERROR Connection refused: database unreachable
2026-01-10 10:01:00 ERROR NullPointerException at PaymentService.java:88
2026-01-11 10:02:00 WARN Slow query detected
2026-01-12 10:03:00 WARN Slow query detected
2026-01-13 10:04:00 ERROR Connection refused: database unreachable
2026-01-14 10:05:00 INFO Cache refreshed successfully
2026-01-15 10:06:00 INFO Application heartbeat check completed
2026-01-16 10:07:00 ERROR Connection refused: database unreachable
2026-01-17 10:08:00 WARN Slow query detected
2026-01-18 10:09:00 INFO Cache refreshed successfully
2026-01-19 10:10:00 ERROR Request timeout
2026-01-20 10:11:00 ERROR NullPointerException at PaymentService.java:88
2026-01-21 10:12:00 INFO Processing scheduled batch job
2026-01-22 10:13:00 WARN Deprecated configuration key used
2026-01-23 10:14:00 WARN Slow query detected
2026-01-24 10:15:00 INFO Application heartbeat check completed
2026-01-25 10:16:00 INFO Application heartbeat check completed
2026-01-26 10:17:00 WARN Slow query detected
2026-01-27 10:18:00 WARN Deprecated configuration key used
2026-01-28 10:19:00 WARN Deprecated configuration key used
2026-01-01 10:20:00 INFO Cache refreshed successfully
2026-01-02 10:21:00 WARN Deprecated configuration key used
2026-01-03 10:22:00 WARN Slow query detected
2026-01-04 10:23:00 INFO Cache refreshed successfully
2026-01-05 10:24:00 ERROR NullPointerException at PaymentService.java:88
2026-01-06 10:25:00 INFO Processing scheduled batch job
2026-01-07 10:26:00 WARN Slow query detected
2026-01-08 10:27:00 ERROR Connection refused: database unreachable
2026-01-09 10:28:00 WARN Deprecated configuration key used
2026-01-10 10:29:00 INFO Application heartbeat check completed
2026-01-11 10:30:00 WARN Deprecated configuration key used
2026-01-12 10:31:00 ERROR Connection refused: database unreachable
2026-01-13 10:32:00 ERROR Request timeout
2026-01-14 10:33:00 ERROR NullPointerException at PaymentService.java:88
2026-01-15 10:34:00 INFO Application heartbeat check completed
2026-01-16 10:35:00 ERROR Request timeout
2026-01-17 10:36:00 ERROR Request timeout
2026-01-18 10:37:00 INFO Cache refreshed successfully
2026-01-19 10:38:00 INFO Processing scheduled batch job
2026-01-20 10:39:00 INFO Application heartbeat check completed
2026-01-21 10:40:00 INFO Application heartbeat check completed
2026-01-22 10:41:00 INFO Cache refreshed successfully
2026-01-23 10:42:00 WARN Deprecated configuration key used
2026-01-24 10:43:00 ERROR Connection refused: database unreachable
2026-01-25 10:44:00 ERROR Request timeout
2026-01-26 10:45:00 INFO Processing scheduled batch job
2026-01-27 10:46:00 INFO Application heartbeat check completed
2026-01-28 10:47:00 WARN Slow query detected
2026-01-01 10:48:00 ERROR Connection refused: database unreachable
2026-01-02 10:49:00 ERROR Connection refused: database unreachable
2026-01-03 10:50:00 ERROR NullPointerException at PaymentService.java:88
2026-01-04 10:51:00 ERROR Connection refused: database unreachable
2026-01-05 10:52:00 ERROR NullPointerException at PaymentService.java:88
2026-01-06 10:53:00 ERROR Request timeout
2026-01-07 10:54:00 INFO Processing scheduled batch job
2026-01-08 10:55:00 INFO Application heartbeat check completed
2026-01-09 10:56:00 WARN Deprecated configuration key used
2026-01-10 10:57:00 ERROR Request timeout
2026-01-11 10:58:00 WARN Slow query detected
2026-01-12 10:59:00 ERROR Connection refused: database unreachable
2026-01-13 10:00:00 INFO Processing scheduled batch job
2026-01-14 10:01:00 INFO Cache refreshed successfully
2026-01-15 10:02:00 INFO Processing scheduled batch job
2026-01-16 10:03:00 ERROR NullPointerException at PaymentService.java:88
2026-01-17 10:04:00 INFO Processing scheduled batch job
2026-01-18 10:05:00 INFO Processing scheduled batch job
2026-01-19 10:06:00 WARN Slow query detected
2026-01-20 10:07:00 ERROR NullPointerException at PaymentService.java:88
2026-01-21 10:08:00 WARN Slow query detected
2026-01-22 10:09:00 ERROR NullPointerException at PaymentService.java:88
2026-01-23 10:10:00 INFO Cache refreshed successfully
2026-01-24 10:11:00 INFO Processing scheduled batch job
2026-01-25 10:12:00 ERROR Request timeout
2026-01-26 10:13:00 ERROR NullPointerException at PaymentService.java:88
2026-01-27 10:14:00 INFO Cache refreshed successfully
2026-01-28 10:15:00 WARN Slow query detected
2026-01-01 10:16:00 ERROR Connection refused: database unreachable
2026-01-02 10:17:00 INFO Application heartbeat check completed
2026-01-03 10:18:00 ERROR NullPointerException at PaymentService.java:88
2026-01-04 10:19:00 INFO Processing scheduled batch job
2026-01-05 10:20:00 ERROR NullPointerException at PaymentService.java:88
2026-01-06 10:21:00 WARN Deprecated configuration key used
2026-01-07 10:22:00 ERROR Connection refused: database unreachable
2026-01-08 10:23:00 ERROR Connection refused: database unreachable
2026-01-09 10:24:00 ERROR Connection refused: database unreachable
2026-01-10 10:25:00 INFO Cache refreshed successfully
2026-01-11 10:26:00 ERROR Request timeout
2026-01-12 10:27:00 INFO Application heartbeat check completed
2026-01-13 10:28:00 WARN Deprecated configuration key used
2026-01-14 10:29:00 INFO Processing scheduled batch job
2026-01-15 10:30:00 ERROR Request timeout
2026-01-16 10:31:00 INFO Cache refreshed successfully
2026-01-17 10:32:00 WARN Slow query detected
2026-01-18 10:33:00 INFO Processing scheduled batch job
2026-01-19 10:34:00 WARN Deprecated configuration key used
2026-01-20 10:35:00 WARN Slow query detected
2026-01-21 10:36:00 ERROR Request timeout
2026-01-22 10:37:00 INFO Processing scheduled batch job
2026-01-23 10:38:00 ERROR Connection refused: database unreachable
2026-01-24 10:39:00 INFO Processing scheduled batch job
2026-01-25 10:40:00 WARN Slow query detected
2026-01-26 10:41:00 ERROR Connection refused: database unreachable
2026-01-27 10:42:00 ERROR NullPointerException at PaymentService.java:88
2026-01-28 10:43:00 WARN Deprecated configuration key used
2026-01-01 10:44:00 INFO Processing scheduled batch job
2026-01-02 10:45:00 INFO Processing scheduled batch job
2026-01-03 10:46:00 WARN Deprecated configuration key used
2026-01-04 10:47:00 INFO Application heartbeat check completed
2026-01-05 10:48:00 ERROR Connection refused: database unreachable
2026-01-06 10:49:00 INFO Processing scheduled batch job
2026-01-07 10:50:00 INFO Cache refreshed successfully
2026-01-08 10:51:00 WARN Slow query detected
2026-01-09 10:52:00 INFO Application heartbeat check completed
2026-01-10 10:53:00 ERROR NullPointerException at PaymentService.java:88
2026-01-11 10:54:00 ERROR NullPointerException at PaymentService.java:88
2026-01-12 10:55:00 INFO Application heartbeat check completed
2026-01-13 10:56:00 INFO Cache refreshed successfully
2026-01-14 10:57:00 INFO Application heartbeat check completed
2026-01-15 10:58:00 INFO Processing scheduled batch job
2026-01-16 10:59:00 INFO Processing scheduled batch job
2026-01-17 10:00:00 ERROR NullPointerException at PaymentService.java:88
2026-01-18 10:01:00 INFO Cache refreshed successfully
2026-01-19 10:02:00 INFO Cache refreshed successfully
2026-01-20 10:03:00 ERROR NullPointerException at PaymentService.java:88
2026-01-21 10:04:00 INFO Application heartbeat check completed
2026-01-22 10:05:00 WARN Deprecated configuration key used
2026-01-23 10:06:00 INFO Application heartbeat check completed
2026-01-24 10:07:00 ERROR Connection refused: database unreachable
2026-01-25 10:08:00 WARN Deprecated configuration key used
2026-01-26 10:09:00 WARN Slow query detected
2026-01-27 10:10:00 ERROR Connection refused: database unreachable
2026-01-28 10:11:00 WARN Slow query detected
2026-01-01 10:12:00 ERROR Request timeout
2026-01-02 10:13:00 WARN Deprecated configuration key used
2026-01-03 10:14:00 WARN Slow query detected
2026-01-04 10:15:00 INFO Processing scheduled batch job
2026-01-05 10:16:00 ERROR Connection refused: database unreachable
2026-01-06 10:17:00 INFO Processing scheduled batch job
2026-01-07 10:18:00 WARN Deprecated configuration key used
2026-01-08 10:19:00 INFO Application heartbeat check completed
2026-01-09 10:20:00 INFO Processing scheduled batch job
2026-01-10 10:21:00 INFO Processing scheduled batch job
2026-01-11 10:22:00 ERROR NullPointerException at PaymentService.java:88
2026-01-12 10:23:00 INFO Application heartbeat check completed
2026-01-13 10:24:00 WARN Slow query detected
2026-01-14 10:25:00 ERROR Request timeout
2026-01-15 10:26:00 ERROR NullPointerException at PaymentService.java:88
2026-01-16 10:27:00 INFO Cache refreshed successfully
2026-01-17 10:28:00 ERROR Request timeout
2026-01-18 10:29:00 INFO Cache refreshed successfully
2026-01-19 10:30:00 INFO Processing scheduled batch job
2026-01-20 10:31:00 INFO Cache refreshed successfully
2026-01-21 10:32:00 INFO Cache refreshed successfully
2026-01-22 10:33:00 ERROR Connection refused: database unreachable
2026-01-23 10:34:00 ERROR Connection refused: database unreachable
2026-01-24 10:35:00 WARN Slow query detected
2026-01-25 10:36:00 ERROR Connection refused: database unreachable
2026-01-26 10:37:00 ERROR NullPointerException at PaymentService.java:88
2026-01-27 10:38:00 ERROR Request timeout
2026-01-28 10:39:00 WARN Deprecated configuration key used
2026-01-01 10:40:00 INFO Cache refreshed successfully
2026-01-02 10:41:00 INFO Application heartbeat check completed
2026-01-03 10:42:00 INFO Cache refreshed successfully
2026-01-04 10:43:00 INFO Processing scheduled batch job
2026-01-05 10:44:00 ERROR Request timeout
2026-01-06 10:45:00 ERROR NullPointerException at PaymentService.java:88
2026-01-07 10:46:00 WARN Slow query detected
2026-01-08 10:47:00 INFO Processing scheduled batch job
2026-01-09 10:48:00 WARN Deprecated configuration key used
2026-01-10 10:49:00 INFO Application heartbeat check completed
2026-01-11 10:50:00 ERROR NullPointerException at PaymentService.java:88
2026-01-12 10:51:00 INFO Processing scheduled batch job
2026-01-13 10:52:00 ERROR Connection refused: database unreachable
2026-01-14 10:53:00 ERROR Connection refused: database unreachable
2026-01-15 10:54:00 WARN Deprecated configuration key used
2026-01-16 10:55:00 INFO Cache refreshed successfully
2026-01-17 10:56:00 INFO Processing scheduled batch job
2026-01-18 10:57:00 WARN Slow query detected
2026-01-19 10:58:00 INFO Cache refreshed successfully
2026-01-20 10:59:00 ERROR Connection refused: database unreachable
2026-01-21 10:00:00 INFO Processing scheduled batch job
2026-01-22 10:01:00 ERROR NullPointerException at PaymentService.java:88
2026-01-23 10:02:00 ERROR Connection refused: database unreachable
2026-01-24 10:03:00 ERROR NullPointerException at PaymentService.java:88
2026-01-25 10:04:00 WARN Deprecated configuration key used
2026-01-26 10:05:00 WARN Deprecated configuration key used
2026-01-27 10:06:00 WARN Deprecated configuration key used
2026-01-28 10:07:00 INFO Application heartbeat check completed
2026-01-01 10:08:00 WARN Deprecated configuration key used
2026-01-02 10:09:00 WARN Deprecated configuration key used
2026-01-03 10:10:00 WARN Deprecated configuration key used
2026-01-04 10:11:00 INFO Application heartbeat check completed
2026-01-05 10:12:00 ERROR Request timeout
2026-01-06 10:13:00 INFO Processing scheduled batch job
2026-01-07 10:14:00 ERROR Request timeout
2026-01-08 10:15:00 ERROR Connection refused: database unreachable
2026-01-09 10:16:00 ERROR Connection refused: database unreachable
2026-01-10 10:17:00 INFO Cache refreshed successfully
2026-01-11 10:18:00 WARN Deprecated configuration key used
2026-01-12 10:19:00 ERROR NullPointerException at PaymentService.java:88
2026-01-13 10:20:00 INFO Cache refreshed successfully
2026-01-14 10:21:00 ERROR Request timeout
2026-01-15 10:22:00 ERROR Request timeout
2026-01-16 10:23:00 INFO Application heartbeat check completed
2026-01-17 10:24:00 ERROR Request timeout
2026-01-18 10:25:00 ERROR Connection refused: database unreachable
2026-01-19 10:26:00 ERROR Request timeout
2026-01-20 10:27:00 INFO Application heartbeat check completed
2026-01-21 10:28:00 INFO Cache refreshed successfully
2026-01-22 10:29:00 WARN Slow query detected
2026-01-23 10:30:00 ERROR Connection refused: database unreachable
2026-01-24 10:31:00 WARN Slow query detected
2026-01-25 10:32:00 WARN Deprecated configuration key used
2026-01-26 10:33:00 ERROR Request timeout
2026-01-27 10:34:00 INFO Processing scheduled batch job
2026-01-28 10:35:00 ERROR Connection refused: database unreachable
2026-01-01 10:36:00 INFO Cache refreshed successfully
2026-01-02 10:37:00 INFO Processing scheduled batch job
2026-01-03 10:38:00 ERROR NullPointerException at PaymentService.java:88
2026-01-04 10:39:00 INFO Cache refreshed successfully
2026-01-05 10:40:00 INFO Cache refreshed successfully
2026-01-06 10:41:00 ERROR NullPointerException at PaymentService.java:88
2026-01-07 10:42:00 ERROR Connection refused: database unreachable
2026-01-08 10:43:00 INFO Processing scheduled batch job
2026-01-09 10:44:00 INFO Cache refreshed successfully
2026-01-10 10:45:00 ERROR NullPointerException at PaymentService.java:88
2026-01-11 10:46:00 WARN Deprecated configuration key used
2026-01-12 10:47:00 ERROR NullPointerException at PaymentService.java:88
2026-01-13 10:48:00 WARN Deprecated configuration key used
2026-01-14 10:49:00 INFO Application heartbeat check completed
2026-01-15 10:50:00 WARN Slow query detected
2026-01-16 10:51:00 INFO Cache refreshed successfully
2026-01-17 10:52:00 ERROR Connection refused: database unreachable
2026-01-18 10:53:00 INFO Cache refreshed successfully
2026-01-19 10:54:00 INFO Cache refreshed successfully
2026-01-20 10:55:00 WARN Deprecated configuration key used
2026-01-21 10:56:00 INFO Application heartbeat check completed
2026-01-22 10:57:00 INFO Processing scheduled batch job
2026-01-23 10:58:00 ERROR Request timeout
2026-01-24 10:59:00 INFO Application heartbeat check completed
2026-01-25 10:00:00 INFO Processing scheduled batch job
2026-01-26 10:01:00 INFO Processing scheduled batch job
2026-01-27 10:02:00 INFO Processing scheduled batch job
2026-01-28 10:03:00 INFO Processing scheduled batch job
2026-01-01 10:04:00 INFO Application heartbeat check completed
2026-01-02 10:05:00 INFO Application heartbeat check completed
2026-01-03 10:06:00 WARN Slow query detected
2026-01-04 10:07:00 INFO Cache refreshed successfully
2026-01-05 10:08:00 ERROR Request timeout
2026-01-06 10:09:00 ERROR Connection refused: database unreachable
2026-01-07 10:10:00 INFO Cache refreshed successfully
2026-01-08 10:11:00 WARN Slow query detected
2026-01-09 10:12:00 ERROR Request timeout
2026-01-10 10:13:00 INFO Cache refreshed successfully
2026-01-11 10:14:00 INFO Processing scheduled batch job
2026-01-12 10:15:00 ERROR NullPointerException at PaymentService.java:88
2026-01-13 10:16:00 ERROR NullPointerException at PaymentService.java:88
2026-01-14 10:17:00 INFO Application heartbeat check completed
2026-01-15 10:18:00 INFO Processing scheduled batch job
2026-01-16 10:19:00 ERROR Request timeout
2026-01-17 10:20:00 ERROR Request timeout
2026-01-18 10:21:00 ERROR NullPointerException at PaymentService.java:88
2026-01-19 10:22:00 ERROR Connection refused: database unreachable
2026-01-20 10:23:00 ERROR Request timeout
2026-01-21 10:24:00 ERROR NullPointerException at PaymentService.java:88
2026-01-22 10:25:00 ERROR NullPointerException at PaymentService.java:88
2026-01-23 10:26:00 ERROR NullPointerException at PaymentService.java:88
2026-01-24 10:27:00 INFO Processing scheduled batch job
2026-01-25 10:28:00 ERROR NullPointerException at PaymentService.java:88
2026-01-26 10:29:00 INFO Processing scheduled batch job
2026-01-27 10:30:00 ERROR Connection refused: database unreachable
2026-01-28 10:31:00 WARN Deprecated configuration key used
2026-01-01 10:32:00 INFO Cache refreshed successfully
2026-01-02 10:33:00 WARN Deprecated configuration key used
2026-01-03 10:34:00 WARN Deprecated configuration key used
2026-01-04 10:35:00 WARN Slow query detected
2026-01-05 10:36:00 WARN Slow query detected
2026-01-06 10:37:00 INFO Cache refreshed successfully
2026-01-07 10:38:00 WARN Deprecated configuration key used
2026-01-08 10:39:00 ERROR Connection refused: database unreachable
2026-01-09 10:40:00 ERROR Request timeout
2026-01-10 10:41:00 INFO Processing scheduled batch job
2026-01-11 10:42:00 INFO Cache refreshed successfully
2026-01-12 10:43:00 ERROR Connection refused: database unreachable
2026-01-13 10:44:00 INFO Application heartbeat check completed
2026-01-14 10:45:00 WARN Deprecated configuration key used
2026-01-15 10:46:00 ERROR NullPointerException at PaymentService.java:88
2026-01-16 10:47:00 INFO Application heartbeat check completed
2026-01-17 10:48:00 INFO Processing scheduled batch job
2026-01-18 10:49:00 INFO Application heartbeat check completed
2026-01-19 10:50:00 INFO Cache refreshed successfully
2026-01-20 10:51:00 ERROR NullPointerException at PaymentService.java:88
2026-01-21 10:52:00 WARN Deprecated configuration key used
2026-01-22 10:53:00 INFO Application heartbeat check completed
2026-01-23 10:54:00 WARN Slow query detected
2026-01-24 10:55:00 ERROR Request timeout
2026-01-25 10:56:00 ERROR NullPointerException at PaymentService.java:88
2026-01-26 10:57:00 INFO Processing scheduled batch job
2026-01-27 10:58:00 WARN Slow query detected
2026-01-28 10:59:00 ERROR Request timeout
2026-01-01 10:00:00 INFO Cache refreshed successfully
2026-01-02 10:01:00 WARN Deprecated configuration key used
2026-01-03 10:02:00 ERROR NullPointerException at PaymentService.java:88
2026-01-04 10:03:00 ERROR Request timeout
2026-01-05 10:04:00 ERROR Request timeout
2026-01-06 10:05:00 ERROR Connection refused: database unreachable
2026-01-07 10:06:00 WARN Deprecated configuration key used
2026-01-08 10:07:00 INFO Cache refreshed successfully
2026-01-09 10:08:00 ERROR Request timeout
2026-01-10 10:09:00 ERROR Request timeout
2026-01-11 10:10:00 WARN Slow query detected
2026-01-12 10:11:00 ERROR Connection refused: database unreachable
2026-01-13 10:12:00 WARN Deprecated configuration key used
2026-01-14 10:13:00 WARN Deprecated configuration key used
2026-01-15 10:14:00 INFO Processing scheduled batch job
2026-01-16 10:15:00 INFO Processing scheduled batch job
2026-01-17 10:16:00 ERROR NullPointerException at PaymentService.java:88
2026-01-18 10:17:00 INFO Processing scheduled batch job
2026-01-19 10:18:00 ERROR Connection refused: database unreachable
2026-01-20 10:19:00 ERROR Connection refused: database unreachable
2026-01-21 10:20:00 ERROR Connection refused: database unreachable
2026-01-22 10:21:00 ERROR Connection refused: database unreachable
2026-01-23 10:22:00 ERROR Request timeout
2026-01-24 10:23:00 WARN Slow query detected
2026-01-25 10:24:00 INFO Cache refreshed successfully
2026-01-26 10:25:00 ERROR Request timeout
2026-01-27 10:26:00 WARN Deprecated configuration key used
2026-01-28 10:27:00 WARN Slow query detected
2026-01-01 10:28:00 ERROR Request timeout
2026-01-02 10:29:00 WARN Slow query detected
2026-01-03 10:30:00 ERROR Connection refused: database unreachable
2026-01-04 10:31:00 WARN Slow query detected
2026-01-05 10:32:00 WARN Slow query detected
2026-01-06 10:33:00 INFO Application heartbeat check completed
2026-01-07 10:34:00 INFO Cache refreshed successfully
2026-01-08 10:35:00 WARN Deprecated configuration key used
2026-01-09 10:36:00 WARN Deprecated configuration key used
2026-01-10 10:37:00 INFO Processing scheduled batch job
2026-01-11 10:38:00 INFO Application heartbeat check completed
2026-01-12 10:39:00 INFO Processing scheduled batch job
2026-01-13 10:40:00 INFO Cache refreshed successfully
2026-01-14 10:41:00 ERROR Connection refused: database unreachable
2026-01-15 10:42:00 INFO Application heartbeat check completed
2026-01-16 10:43:00 WARN Deprecated configuration key used
2026-01-17 10:44:00 INFO Processing scheduled batch job
2026-01-18 10:45:00 WARN Slow query detected
2026-01-19 10:46:00 WARN Deprecated configuration key used
2026-01-20 10:47:00 ERROR NullPointerException at PaymentService.java:88
2026-01-21 10:48:00 INFO Processing scheduled batch job
2026-01-22 10:49:00 WARN Slow query detected
2026-01-23 10:50:00 INFO Processing scheduled batch job
2026-01-24 10:51:00 INFO Cache refreshed successfully
2026-01-25 10:52:00 INFO Processing scheduled batch job
2026-01-26 10:53:00 WARN Slow query detected
2026-01-27 10:54:00 INFO Cache refreshed successfully
2026-01-28 10:55:00 ERROR NullPointerException at PaymentService.java:88
2026-01-01 10:56:00 INFO Cache refreshed successfully
2026-01-02 10:57:00 INFO Application heartbeat check completed
2026-01-03 10:58:00 INFO Application heartbeat check completed
2026-01-04 10:59:00 INFO Application heartbeat check completed
2026-01-05 10:00:00 WARN Deprecated configuration key used
2026-01-06 10:01:00 INFO Cache refreshed successfully
2026-01-07 10:02:00 INFO Cache refreshed successfully
2026-01-08 10:03:00 INFO Processing scheduled batch job
2026-01-09 10:04:00 INFO Application heartbeat check completed
2026-01-10 10:05:00 INFO Application heartbeat check completed
2026-01-11 10:06:00 INFO Cache refreshed successfully
2026-01-12 10:07:00 INFO Processing scheduled batch job
2026-01-13 10:08:00 INFO Processing scheduled batch job
2026-01-14 10:09:00 ERROR Request timeout
2026-01-15 10:10:00 INFO Cache refreshed successfully
2026-01-16 10:11:00 ERROR NullPointerException at PaymentService.java:88
2026-01-17 10:12:00 WARN Deprecated configuration key used
2026-01-18 10:13:00 INFO Processing scheduled batch job
2026-01-19 10:14:00 WARN Deprecated configuration key used
2026-01-20 10:15:00 INFO Application heartbeat check completed
2026-01-21 10:16:00 WARN Deprecated configuration key used
2026-01-22 10:17:00 INFO Processing scheduled batch job
2026-01-23 10:18:00 INFO Processing scheduled batch job
2026-01-24 10:19:00 WARN Slow query detected
2026-01-25 10:20:00 ERROR Connection refused: database unreachable
2026-01-26 10:21:00 INFO Processing scheduled batch job
2026-01-27 10:22:00 INFO Application heartbeat check completed
2026-01-28 10:23:00 ERROR Request timeout
2026-01-01 10:24:00 INFO Application heartbeat check completed
2026-01-02 10:25:00 INFO Application heartbeat check completed
2026-01-03 10:26:00 ERROR Connection refused: database unreachable
2026-01-04 10:27:00 ERROR Request timeout
2026-01-05 10:28:00 INFO Application heartbeat check completed
2026-01-06 10:29:00 WARN Slow query detected
2026-01-07 10:30:00 ERROR Request timeout
2026-01-08 10:31:00 INFO Processing scheduled batch job
2026-01-09 10:32:00 INFO Application heartbeat check completed
2026-01-10 10:33:00 INFO Application heartbeat check completed
2026-01-11 10:34:00 ERROR Request timeout
2026-01-12 10:35:00 WARN Deprecated configuration key used
2026-01-13 10:36:00 WARN Deprecated configuration key used
2026-01-14 10:37:00 ERROR Request timeout
2026-01-15 10:38:00 ERROR Connection refused: database unreachable
2026-01-16 10:39:00 WARN Slow query detected
2026-01-17 10:40:00 INFO Processing scheduled batch job
2026-01-18 10:41:00 INFO Cache refreshed successfully
2026-01-19 10:42:00 INFO Cache refreshed successfully
2026-01-20 10:43:00 WARN Slow query detected
2026-01-21 10:44:00 WARN Slow query detected
2026-01-22 10:45:00 WARN Slow query detected
2026-01-23 10:46:00 ERROR Connection refused: database unreachable
2026-01-24 10:47:00 ERROR Request timeout
2026-01-25 10:48:00 ERROR Connection refused: database unreachable
2026-01-26 10:49:00 ERROR NullPointerException at PaymentService.java:88
2026-01-27 10:50:00 ERROR Request timeout
2026-01-28 10:51:00 INFO Cache refreshed successfully
2026-01-01 10:52:00 ERROR Request timeout
2026-01-02 10:53:00 INFO Application heartbeat check completed
2026-01-03 10:54:00 ERROR Connection refused: database unreachable
2026-01-04 10:55:00 ERROR Request timeout
2026-01-05 10:56:00 INFO Processing scheduled batch job
2026-01-06 10:57:00 ERROR NullPointerException at PaymentService.java:88
2026-01-07 10:58:00 INFO Processing scheduled batch job
2026-01-08 10:59:00 ERROR Connection refused: database unreachable
2026-01-09 10:00:00 ERROR Connection refused: database unreachable
2026-01-10 10:01:00 INFO Application heartbeat check completed
2026-01-11 10:02:00 ERROR Connection refused: database unreachable
2026-01-12 10:03:00 INFO Cache refreshed successfully
2026-01-13 10:04:00 WARN Slow query detected
2026-01-14 10:05:00 INFO Cache refreshed successfully
2026-01-15 10:06:00 INFO Processing scheduled batch job
2026-01-16 10:07:00 ERROR NullPointerException at PaymentService.java:88
2026-01-17 10:08:00 WARN Deprecated configuration key used
2026-01-18 10:09:00 ERROR Connection refused: database unreachable
2026-01-19 10:10:00 INFO Processing scheduled batch job
2026-01-20 10:11:00 ERROR Request timeout
2026-01-21 10:12:00 WARN Slow query detected
2026-01-22 10:13:00 INFO Processing scheduled batch job
2026-01-23 10:14:00 ERROR Request timeout
2026-01-24 10:15:00 INFO Processing scheduled batch job
2026-01-25 10:16:00 INFO Cache refreshed successfully
2026-01-26 10:17:00 WARN Slow query detected
2026-01-27 10:18:00 ERROR Request timeout
2026-01-28 10:19:00 ERROR Request timeout
2026-01-01 10:20:00 WARN Deprecated configuration key used
2026-01-02 10:21:00 WARN Slow query detected
2026-01-03 10:22:00 ERROR Connection refused: database unreachable
2026-01-04 10:23:00 INFO Application heartbeat check completed
2026-01-05 10:24:00 WARN Deprecated configuration key used
2026-01-06 10:25:00 ERROR NullPointerException at PaymentService.java:88
2026-01-07 10:26:00 INFO Cache refreshed successfully
2026-01-08 10:27:00 ERROR Request timeout
2026-01-09 10:28:00 WARN Deprecated configuration key used
2026-01-10 10:29:00 ERROR Request timeout
2026-01-11 10:30:00 WARN Deprecated configuration key used
2026-01-12 10:31:00 ERROR NullPointerException at PaymentService.java:88
2026-01-13 10:32:00 INFO Processing scheduled batch job
2026-01-14 10:33:00 ERROR Request timeout
2026-01-15 10:34:00 INFO Application heartbeat check completed
2026-01-16 10:35:00 INFO Processing scheduled batch job
2026-01-17 10:36:00 INFO Application heartbeat check completed
2026-01-18 10:37:00 WARN Deprecated configuration key used
2026-01-19 10:38:00 INFO Application heartbeat check completed
2026-01-20 10:39:00 ERROR NullPointerException at PaymentService.java:88
2026-01-21 10:40:00 WARN Deprecated configuration key used
2026-01-22 10:41:00 WARN Slow query detected
2026-01-23 10:42:00 INFO Cache refreshed successfully
2026-01-24 10:43:00 ERROR Request timeout
2026-01-25 10:44:00 ERROR Request timeout
2026-01-26 10:45:00 INFO Application heartbeat check completed
2026-01-27 10:46:00 ERROR Connection refused: database unreachable
2026-01-28 10:47:00 ERROR Connection refused: database unreachable
2026-01-01 10:48:00 ERROR NullPointerException at PaymentService.java:88
2026-01-02 10:49:00 INFO Cache refreshed successfully
2026-01-03 10:50:00 WARN Deprecated configuration key used
2026-01-04 10:51:00 INFO Application heartbeat check completed
2026-01-05 10:52:00 ERROR Request timeout
2026-01-06 10:53:00 WARN Slow query detected
2026-01-07 10:54:00 INFO Processing scheduled batch job
2026-01-08 10:55:00 WARN Slow query detected
2026-01-09 10:56:00 ERROR Request timeout
2026-01-10 10:57:00 ERROR Request timeout
2026-01-11 10:58:00 INFO Processing scheduled batch job
2026-01-12 10:59:00 ERROR NullPointerException at PaymentService.java:88
2026-01-13 10:00:00 INFO Processing scheduled batch job
2026-01-14 10:01:00 ERROR NullPointerException at PaymentService.java:88
2026-01-15 10:02:00 WARN Slow query detected
2026-01-16 10:03:00 INFO Application heartbeat check completed
2026-01-17 10:04:00 INFO Processing scheduled batch job
2026-01-18 10:05:00 ERROR Connection refused: database unreachable
2026-01-19 10:06:00 INFO Processing scheduled batch job
2026-01-20 10:07:00 INFO Application heartbeat check completed
2026-01-21 10:08:00 WARN Slow query detected
2026-01-22 10:09:00 ERROR NullPointerException at PaymentService.java:88
2026-01-23 10:10:00 ERROR Connection refused: database unreachable
2026-01-24 10:11:00 WARN Slow query detected
2026-01-25 10:12:00 WARN Slow query detected
2026-01-26 10:13:00 INFO Cache refreshed successfully
2026-01-27 10:14:00 INFO Cache refreshed successfully
2026-01-28 10:15:00 WARN Slow query detected
2026-01-01 10:16:00 ERROR Request timeout
2026-01-02 10:17:00 ERROR Connection refused: database unreachable
2026-01-03 10:18:00 INFO Cache refreshed successfully
2026-01-04 10:19:00 ERROR Connection refused: database unreachable
2026-01-05 10:20:00 INFO Cache refreshed successfully
2026-01-06 10:21:00 WARN Slow query detected
2026-01-07 10:22:00 INFO Cache refreshed successfully
2026-01-08 10:23:00 WARN Slow query detected
2026-01-09 10:24:00 INFO Cache refreshed successfully
2026-01-10 10:25:00 WARN Slow query detected
2026-01-11 10:26:00 INFO Cache refreshed successfully
2026-01-12 10:27:00 WARN Slow query detected
2026-01-13 10:28:00 ERROR Connection refused: database unreachable
2026-01-14 10:29:00 WARN Slow query detected
2026-01-15 10:30:00 ERROR Connection refused: database unreachable
2026-01-16 10:31:00 INFO Cache refreshed successfully
2026-01-17 10:32:00 ERROR Connection refused: database unreachable
2026-01-18 10:33:00 WARN Slow query detected
2026-01-19 10:34:00 INFO Application heartbeat check completed
2026-01-20 10:35:00 INFO Processing scheduled batch job
2026-01-21 10:36:00 INFO Processing scheduled batch job
2026-01-22 10:37:00 INFO Application heartbeat check completed
2026-01-23 10:38:00 ERROR Request timeout
2026-01-24 10:39:00 ERROR Request timeout
2026-01-25 10:40:00 WARN Deprecated configuration key used
2026-01-26 10:41:00 ERROR Request timeout
2026-01-27 10:42:00 ERROR NullPointerException at PaymentService.java:88
2026-01-28 10:43:00 ERROR NullPointerException at PaymentService.java:88
2026-01-01 10:44:00 ERROR Request timeout
2026-01-02 10:45:00 WARN Deprecated configuration key used
2026-01-03 10:46:00 ERROR Connection refused: database unreachable
2026-01-04 10:47:00 WARN Slow query detected
2026-01-05 10:48:00 ERROR NullPointerException at PaymentService.java:88
2026-01-06 10:49:00 INFO Application heartbeat check completed
2026-01-07 10:50:00 ERROR Request timeout
2026-01-08 10:51:00 INFO Cache refreshed successfully
2026-01-09 10:52:00 ERROR Connection refused: database unreachable
2026-01-10 10:53:00 INFO Processing scheduled batch job
2026-01-11 10:54:00 WARN Deprecated configuration key used
2026-01-12 10:55:00 ERROR NullPointerException at PaymentService.java:88
2026-01-13 10:56:00 ERROR Connection refused: database unreachable
2026-01-14 10:57:00 INFO Processing scheduled batch job
2026-01-15 10:58:00 ERROR NullPointerException at PaymentService.java:88
2026-01-16 10:59:00 ERROR Request timeout
2026-01-17 10:00:00 WARN Deprecated configuration key used
2026-01-18 10:01:00 ERROR Request timeout
2026-01-19 10:02:00 ERROR Request timeout
2026-01-20 10:03:00 INFO Application heartbeat check completed
2026-01-21 10:04:00 INFO Cache refreshed successfully
2026-01-22 10:05:00 INFO Processing scheduled batch job
2026-01-23 10:06:00 WARN Slow query detected
2026-01-24 10:07:00 INFO Cache refreshed successfully
2026-01-25 10:08:00 INFO Cache refreshed successfully
2026-01-26 10:09:00 ERROR NullPointerException at PaymentService.java:88
2026-01-27 10:10:00 ERROR NullPointerException at PaymentService.java:88
2026-01-28 10:11:00 INFO Cache refreshed successfully
2026-01-01 10:12:00 INFO Application heartbeat check completed
2026-01-02 10:13:00 INFO Processing scheduled batch job
2026-01-03 10:14:00 ERROR Request timeout
2026-01-04 10:15:00 ERROR NullPointerException at PaymentService.java:88
2026-01-05 10:16:00 ERROR NullPointerException at PaymentService.java:88
2026-01-06 10:17:00 WARN Deprecated configuration key used
2026-01-07 10:18:00 INFO Application heartbeat check completed
2026-01-08 10:19:00 ERROR NullPointerException at PaymentService.java:88
2026-01-09 10:20:00 INFO Processing scheduled batch job
2026-01-10 10:21:00 ERROR NullPointerException at PaymentService.java:88
2026-01-11 10:22:00 INFO Application heartbeat check completed
2026-01-12 10:23:00 ERROR Connection refused: database unreachable
2026-01-13 10:24:00 INFO Application heartbeat check completed
2026-01-14 10:25:00 INFO Application heartbeat check completed
2026-01-15 10:26:00 ERROR Connection refused: database unreachable
2026-01-16 10:27:00 INFO Processing scheduled batch job
2026-01-17 10:28:00 INFO Processing scheduled batch job
2026-01-18 10:29:00 INFO Processing scheduled batch job
2026-01-19 10:30:00 ERROR Request timeout
2026-01-20 10:31:00 WARN Slow query detected
2026-01-21 10:32:00 ERROR Request timeout
2026-01-22 10:33:00 ERROR Connection refused: database unreachable
2026-01-23 10:34:00 ERROR Connection refused: database unreachable
2026-01-24 10:35:00 INFO Cache refreshed successfully
2026-01-25 10:36:00 ERROR Request timeout
2026-01-26 10:37:00 ERROR Request timeout
2026-01-27 10:38:00 ERROR Connection refused: database unreachable
2026-01-28 10:39:00 ERROR Connection refused: database unreachable
2026-01-01 10:40:00 WARN Deprecated configuration key used
2026-01-02 10:41:00 WARN Deprecated configuration key used
2026-01-03 10:42:00 ERROR Request timeout
2026-01-04 10:43:00 WARN Slow query detected
2026-01-05 10:44:00 ERROR NullPointerException at PaymentService.java:88
2026-01-06 10:45:00 ERROR Request timeout
2026-01-07 10:46:00 INFO Application heartbeat check completed
2026-01-08 10:47:00 ERROR NullPointerException at PaymentService.java:88
2026-01-09 10:48:00 ERROR Request timeout
2026-01-10 10:49:00 INFO Application heartbeat check completed
2026-01-11 10:50:00 WARN Deprecated configuration key used
2026-01-12 10:51:00 INFO Application heartbeat check completed
2026-01-13 10:52:00 INFO Processing scheduled batch job
2026-01-14 10:53:00 INFO Cache refreshed successfully
2026-01-15 10:54:00 INFO Processing scheduled batch job
2026-01-16 10:55:00 INFO Cache refreshed successfully
2026-01-17 10:56:00 WARN Slow query detected
2026-01-18 10:57:00 ERROR Request timeout
2026-01-19 10:58:00 WARN Slow query detected
2026-01-20 10:59:00 ERROR Request timeout
2026-01-21 10:00:00 ERROR Connection refused: database unreachable
2026-01-22 10:01:00 INFO Application heartbeat check completed
2026-01-23 10:02:00 INFO Processing scheduled batch job
2026-01-24 10:03:00 WARN Slow query detected
2026-01-25 10:04:00 ERROR Request timeout
2026-01-26 10:05:00 ERROR NullPointerException at PaymentService.java:88
2026-01-27 10:06:00 INFO Processing scheduled batch job
2026-01-28 10:07:00 ERROR NullPointerException at PaymentService.java:88
2026-01-01 10:08:00 INFO Processing scheduled batch job
2026-01-02 10:09:00 INFO Processing scheduled batch job
2026-01-03 10:10:00 ERROR NullPointerException at PaymentService.java:88
2026-01-04 10:11:00 ERROR NullPointerException at PaymentService.java:88
2026-01-05 10:12:00 ERROR Request timeout
2026-01-06 10:13:00 WARN Slow query detected
2026-01-07 10:14:00 ERROR NullPointerException at PaymentService.java:88
2026-01-08 10:15:00 WARN Slow query detected
2026-01-09 10:16:00 ERROR Connection refused: database unreachable
2026-01-10 10:17:00 WARN Deprecated configuration key used
2026-01-11 10:18:00 ERROR Connection refused: database unreachable
2026-01-12 10:19:00 WARN Slow query detected
2026-01-13 10:20:00 INFO Processing scheduled batch job
2026-01-14 10:21:00 ERROR NullPointerException at PaymentService.java:88
2026-01-15 10:22:00 ERROR Connection refused: database unreachable
2026-01-16 10:23:00 INFO Processing scheduled batch job
2026-01-17 10:24:00 INFO Processing scheduled batch job
2026-01-18 10:25:00 WARN Slow query detected
2026-01-19 10:26:00 ERROR Connection refused: database unreachable
2026-01-20 10:27:00 INFO Cache refreshed successfully
2026-01-21 10:28:00 ERROR Request timeout
2026-01-22 10:29:00 WARN Deprecated configuration key used
2026-01-23 10:30:00 INFO Processing scheduled batch job
2026-01-24 10:31:00 WARN Slow query detected
2026-01-25 10:32:00 WARN Slow query detected
2026-01-26 10:33:00 WARN Deprecated configuration key used
2026-01-27 10:34:00 INFO Cache refreshed successfully
2026-01-28 10:35:00 ERROR NullPointerException at PaymentService.java:88
2026-01-01 10:36:00 ERROR NullPointerException at PaymentService.java:88
2026-01-02 10:37:00 INFO Cache refreshed successfully
2026-01-03 10:38:00 INFO Application heartbeat check completed
2026-01-04 10:39:00 INFO Application heartbeat check completed
2026-01-05 10:40:00 INFO Application heartbeat check completed
2026-01-06 10:41:00 ERROR Connection refused: database unreachable
2026-01-07 10:42:00 INFO Application heartbeat check completed
2026-01-08 10:43:00 ERROR NullPointerException at PaymentService.java:88
2026-01-09 10:44:00 INFO Processing scheduled batch job
2026-01-10 10:45:00 WARN Deprecated configuration key used
2026-01-11 10:46:00 WARN Slow query detected
2026-01-12 10:47:00 ERROR Request timeout
2026-01-13 10:48:00 INFO Processing scheduled batch job
2026-01-14 10:49:00 ERROR Request timeout
2026-01-15 10:50:00 ERROR NullPointerException at PaymentService.java:88
2026-01-16 10:51:00 WARN Slow query detected
2026-01-17 10:52:00 ERROR Connection refused: database unreachable
2026-01-18 10:53:00 ERROR NullPointerException at PaymentService.java:88
2026-01-19 10:54:00 INFO Cache refreshed successfully
2026-01-20 10:55:00 INFO Processing scheduled batch job
2026-01-21 10:56:00 INFO Processing scheduled batch job
2026-01-22 10:57:00 INFO Cache refreshed successfully
2026-01-23 10:58:00 ERROR Request timeout
2026-01-24 10:59:00 WARN Slow query detected
2026-01-25 10:00:00 ERROR NullPointerException at PaymentService.java:88
2026-01-26 10:01:00 WARN Slow query detected
2026-01-27 10:02:00 INFO Processing scheduled batch job
2026-01-28 10:03:00 WARN Slow query detected
2026-01-01 10:04:00 INFO Cache refreshed successfully
2026-01-02 10:05:00 ERROR Connection refused: database unreachable
2026-01-03 10:06:00 INFO Processing scheduled batch job
2026-01-04 10:07:00 WARN Deprecated configuration key used
2026-01-05 10:08:00 ERROR NullPointerException at PaymentService.java:88
2026-01-06 10:09:00 ERROR NullPointerException at PaymentService.java:88
2026-01-07 10:10:00 INFO Processing scheduled batch job
2026-01-08 10:11:00 ERROR NullPointerException at PaymentService.java:88
2026-01-09 10:12:00 INFO Processing scheduled batch job
2026-01-10 10:13:00 ERROR Request timeout
2026-01-11 10:14:00 ERROR Request timeout
2026-01-12 10:15:00 ERROR Request timeout
2026-01-13 10:16:00 ERROR Request timeout
2026-01-14 10:17:00 ERROR NullPointerException at PaymentService.java:88
2026-01-15 10:18:00 ERROR Connection refused: database unreachable
2026-01-16 10:19:00 ERROR NullPointerException at PaymentService.java:88
2026-01-17 10:20:00 INFO Cache refreshed successfully
2026-01-18 10:21:00 ERROR Connection refused: database unreachable
2026-01-19 10:22:00 ERROR NullPointerException at PaymentService.java:88
2026-01-20 10:23:00 INFO Cache refreshed successfully
2026-01-21 10:24:00 ERROR Request timeout
2026-01-22 10:25:00 INFO Processing scheduled batch job
2026-01-23 10:26:00 ERROR Connection refused: database unreachable
2026-01-24 10:27:00 WARN Slow query detected
2026-01-25 10:28:00 ERROR NullPointerException at PaymentService.java:88
2026-01-26 10:29:00 INFO Processing scheduled batch job
2026-01-27 10:30:00 ERROR Request timeout
2026-01-28 10:31:00 WARN Slow query detected
2026-01-01 10:32:00 ERROR NullPointerException at PaymentService.java:88
2026-01-02 10:33:00 WARN Deprecated configuration key used
2026-01-03 10:34:00 WARN Deprecated configuration key used
2026-01-04 10:35:00 INFO Processing scheduled batch job
2026-01-05 10:36:00 ERROR NullPointerException at PaymentService.java:88
2026-01-06 10:37:00 INFO Cache refreshed successfully
2026-01-07 10:38:00 ERROR Request timeout
2026-01-08 10:39:00 WARN Deprecated configuration key used
2026-01-09 10:40:00 INFO Processing scheduled batch job
2026-01-10 10:41:00 ERROR Connection refused: database unreachable
2026-01-11 10:42:00 INFO Processing scheduled batch job
2026-01-12 10:43:00 INFO Cache refreshed successfully
2026-01-13 10:44:00 ERROR NullPointerException at PaymentService.java:88
2026-01-14 10:45:00 ERROR NullPointerException at PaymentService.java:88
2026-01-15 10:46:00 ERROR Connection refused: database unreachable
2026-01-16 10:47:00 ERROR Request timeout
2026-01-17 10:48:00 ERROR NullPointerException at PaymentService.java:88
2026-01-18 10:49:00 ERROR Request timeout
2026-01-19 10:50:00 ERROR Request timeout
2026-01-20 10:51:00 ERROR Request timeout
2026-01-21 10:52:00 INFO Processing scheduled batch job
2026-01-22 10:53:00 ERROR Request timeout
2026-01-23 10:54:00 ERROR NullPointerException at PaymentService.java:88
2026-01-24 10:55:00 INFO Cache refreshed successfully
2026-01-25 10:56:00 INFO Cache refreshed successfully
2026-01-26 10:57:00 WARN Slow query detected
2026-01-27 10:58:00 WARN Slow query detected
2026-01-28 10:59:00 ERROR Request timeout
2026-01-01 10:00:00 INFO Processing scheduled batch job
2026-01-02 10:01:00 ERROR Connection refused: database unreachable
2026-01-03 10:02:00 WARN Deprecated configuration key used
2026-01-04 10:03:00 INFO Processing scheduled batch job
2026-01-05 10:04:00 ERROR Request timeout
2026-01-06 10:05:00 WARN Slow query detected
2026-01-07 10:06:00 ERROR NullPointerException at PaymentService.java:88
2026-01-08 10:07:00 ERROR Connection refused: database unreachable
2026-01-09 10:08:00 ERROR Request timeout
2026-01-10 10:09:00 ERROR Connection refused: database unreachable
2026-01-11 10:10:00 ERROR Connection refused: database unreachable
2026-01-12 10:11:00 WARN Slow query detected
2026-01-13 10:12:00 WARN Deprecated configuration key used
2026-01-14 10:13:00 ERROR Connection refused: database unreachable
2026-01-15 10:14:00 WARN Slow query detected
2026-01-16 10:15:00 ERROR Request timeout
2026-01-17 10:16:00 INFO Application heartbeat check completed
2026-01-18 10:17:00 WARN Slow query detected
2026-01-19 10:18:00 ERROR Request timeout
2026-01-20 10:19:00 ERROR NullPointerException at PaymentService.java:88
2026-01-21 10:20:00 INFO Processing scheduled batch job
2026-01-22 10:21:00 INFO Cache refreshed successfully
2026-01-23 10:22:00 INFO Application heartbeat check completed
2026-01-24 10:23:00 ERROR Connection refused: database unreachable
2026-01-25 10:24:00 INFO Cache refreshed successfully
2026-01-26 10:25:00 WARN Deprecated configuration key used
2026-01-27 10:26:00 INFO Processing scheduled batch job
2026-01-28 10:27:00 INFO Cache refreshed successfully
2026-01-01 10:28:00 ERROR NullPointerException at PaymentService.java:88
2026-01-02 10:29:00 INFO Application heartbeat check completed
2026-01-03 10:30:00 INFO Cache refreshed successfully
2026-01-04 10:31:00 ERROR Request timeout
2026-01-05 10:32:00 INFO Processing scheduled batch job
2026-01-06 10:33:00 ERROR NullPointerException at PaymentService.java:88
2026-01-07 10:34:00 INFO Application heartbeat check completed
2026-01-08 10:35:00 ERROR Request timeout
2026-01-09 10:36:00 ERROR Connection refused: database unreachable
2026-01-10 10:37:00 WARN Deprecated configuration key used
2026-01-11 10:38:00 INFO Processing scheduled batch job
2026-01-12 10:39:00 ERROR Request timeout
2026-01-13 10:40:00 INFO Cache refreshed successfully
2026-01-14 10:41:00 WARN Deprecated configuration key used
2026-01-15 10:42:00 WARN Deprecated configuration key used
2026-01-16 10:43:00 WARN Slow query detected
2026-01-17 10:44:00 INFO Processing scheduled batch job
2026-01-18 10:45:00 WARN Slow query detected
2026-01-19 10:46:00 WARN Slow query detected
2026-01-20 10:47:00 WARN Deprecated configuration key used
2026-01-21 10:48:00 INFO Cache refreshed successfully
2026-01-22 10:49:00 INFO Cache refreshed successfully
2026-01-23 10:50:00 INFO Processing scheduled batch job
2026-01-24 10:51:00 INFO Application heartbeat check completed
2026-01-25 10:52:00 INFO Processing scheduled batch job
2026-01-26 10:53:00 WARN Slow query detected
2026-01-27 10:54:00 WARN Deprecated configuration key used
2026-01-28 10:55:00 ERROR Request timeout
2026-01-01 10:56:00 INFO Cache refreshed successfully
2026-01-02 10:57:00 INFO Cache refreshed successfully
2026-01-03 10:58:00 ERROR Connection refused: database unreachable
2026-01-04 10:59:00 INFO Processing scheduled batch job
2026-01-05 10:00:00 WARN Slow query detected
2026-01-06 10:01:00 INFO Cache refreshed successfully
2026-01-07 10:02:00 WARN Slow query detected
2026-01-08 10:03:00 INFO Application heartbeat check completed
2026-01-09 10:04:00 ERROR Connection refused: database unreachable
2026-01-10 10:05:00 WARN Deprecated configuration key used
2026-01-11 10:06:00 INFO Application heartbeat check completed
2026-01-12 10:07:00 ERROR Request timeout
2026-01-13 10:08:00 INFO Processing scheduled batch job
2026-01-14 10:09:00 INFO Cache refreshed successfully
2026-01-15 10:10:00 INFO Cache refreshed successfully
2026-01-16 10:11:00 ERROR NullPointerException at PaymentService.java:88
2026-01-17 10:12:00 INFO Cache refreshed successfully
2026-01-18 10:13:00 ERROR Request timeout
2026-01-19 10:14:00 WARN Deprecated configuration key used
2026-01-20 10:15:00 WARN Deprecated configuration key used
2026-01-21 10:16:00 ERROR Connection refused: database unreachable
2026-01-22 10:17:00 INFO Application heartbeat check completed
2026-01-23 10:18:00 ERROR NullPointerException at PaymentService.java:88
2026-01-24 10:19:00 WARN Deprecated configuration key used
2026-01-25 10:20:00 WARN Slow query detected
2026-01-26 10:21:00 INFO Cache refreshed successfully
2026-01-27 10:22:00 INFO Application heartbeat check completed
2026-01-28 10:23:00 WARN Deprecated configuration key used
2026-01-01 10:24:00 ERROR Request timeout
2026-01-02 10:25:00 INFO Processing scheduled batch job
2026-01-03 10:26:00 ERROR NullPointerException at PaymentService.java:88
2026-01-04 10:27:00 ERROR NullPointerException at PaymentService.java:88
2026-01-05 10:28:00 INFO Application heartbeat check completed
2026-01-06 10:29:00 INFO Cache refreshed successfully
2026-01-07 10:30:00 WARN Slow query detected
2026-01-08 10:31:00 WARN Deprecated configuration key used
2026-01-09 10:32:00 INFO Application heartbeat check completed
2026-01-10 10:33:00 INFO Application heartbeat check completed
2026-01-11 10:34:00 ERROR Request timeout
2026-01-12 10:35:00 INFO Cache refreshed successfully
2026-01-13 10:36:00 ERROR NullPointerException at PaymentService.java:88
2026-01-14 10:37:00 ERROR Request timeout
2026-01-15 10:38:00 ERROR NullPointerException at PaymentService.java:88
2026-01-16 10:39:00 INFO Cache refreshed successfully
2026-01-17 10:40:00 ERROR Connection refused: database unreachable
2026-01-18 10:41:00 WARN Deprecated configuration key used
2026-01-19 10:42:00 ERROR Request timeout
2026-01-20 10:43:00 INFO Processing scheduled batch job
2026-01-21 10:44:00 INFO Application heartbeat check completed
2026-01-22 10:45:00 INFO Cache refreshed successfully
2026-01-23 10:46:00 INFO Cache refreshed successfully
2026-01-24 10:47:00 INFO Cache refreshed successfully
2026-01-25 10:48:00 INFO Processing scheduled batch job
2026-01-26 10:49:00 WARN Deprecated configuration key used
2026-01-27 10:50:00 ERROR Request timeout
2026-01-28 10:51:00 ERROR Connection refused: database unreachable
2026-01-01 10:52:00 INFO Cache refreshed successfully
2026-01-02 10:53:00 INFO Application heartbeat check completed
2026-01-03 10:54:00 ERROR NullPointerException at PaymentService.java:88
2026-01-04 10:55:00 INFO Processing scheduled batch job
2026-01-05 10:56:00 INFO Application heartbeat check completed
2026-01-06 10:57:00 ERROR Request timeout
2026-01-07 10:58:00 INFO Application heartbeat check completed
2026-01-08 10:59:00 ERROR Request timeout
2026-01-09 10:00:00 WARN Slow query detected
2026-01-10 10:01:00 INFO Application heartbeat check completed
2026-01-11 10:02:00 ERROR Request timeout
2026-01-12 10:03:00 INFO Application heartbeat check completed
2026-01-13 10:04:00 ERROR Connection refused: database unreachable
2026-01-14 10:05:00 INFO Processing scheduled batch job
2026-01-15 10:06:00 ERROR Request timeout
2026-01-16 10:07:00 ERROR NullPointerException at PaymentService.java:88
2026-01-17 10:08:00 INFO Processing scheduled batch job
2026-01-18 10:09:00 ERROR Request timeout
2026-01-19 10:10:00 ERROR NullPointerException at PaymentService.java:88
2026-01-20 10:11:00 WARN Slow query detected
2026-01-21 10:12:00 INFO Cache refreshed successfully
2026-01-22 10:13:00 INFO Application heartbeat check completed
2026-01-23 10:14:00 INFO Processing scheduled batch job
2026-01-24 10:15:00 INFO Application heartbeat check completed
2026-01-25 10:16:00 ERROR NullPointerException at PaymentService.java:88
2026-01-26 10:17:00 WARN Slow query detected
2026-01-27 10:18:00 INFO Processing scheduled batch job
2026-01-28 10:19:00 INFO Cache refreshed successfully
2026-01-01 10:20:00 INFO Application heartbeat check completed
2026-01-02 10:21:00 ERROR NullPointerException at PaymentService.java:88
2026-01-03 10:22:00 INFO Application heartbeat check completed
2026-01-04 10:23:00 WARN Slow query detected
2026-01-05 10:24:00 ERROR NullPointerException at PaymentService.java:88
2026-01-06 10:25:00 ERROR NullPointerException at PaymentService.java:88
2026-01-07 10:26:00 WARN Slow query detected
2026-01-08 10:27:00 WARN Deprecated configuration key used
2026-01-09 10:28:00 WARN Deprecated configuration key used
2026-01-10 10:29:00 ERROR Request timeout
2026-01-11 10:30:00 INFO Cache refreshed successfully
2026-01-12 10:31:00 WARN Deprecated configuration key used
2026-01-13 10:32:00 WARN Slow query detected
2026-01-14 10:33:00 WARN Slow query detected
2026-01-15 10:34:00 INFO Processing scheduled batch job
2026-01-16 10:35:00 INFO Cache refreshed successfully
2026-01-17 10:36:00 WARN Deprecated configuration key used
2026-01-18 10:37:00 ERROR NullPointerException at PaymentService.java:88
2026-01-19 10:38:00 ERROR Connection refused: database unreachable
2026-01-20 10:39:00 ERROR NullPointerException at PaymentService.java:88
2026-01-21 10:40:00 ERROR Connection refused: database unreachable
2026-01-22 10:41:00 ERROR Connection refused: database unreachable
2026-01-23 10:42:00 INFO Cache refreshed successfully
2026-01-24 10:43:00 ERROR Connection refused: database unreachable
2026-01-25 10:44:00 WARN Slow query detected
2026-01-26 10:45:00 WARN Slow query detected
2026-01-27 10:46:00 WARN Deprecated configuration key used
2026-01-28 10:47:00 WARN Deprecated configuration key used
2026-01-01 10:48:00 INFO Application heartbeat check completed
2026-01-02 10:49:00 ERROR NullPointerException at PaymentService.java:88
2026-01-03 10:50:00 ERROR Request timeout
2026-01-04 10:51:00 INFO Processing scheduled batch job
2026-01-05 10:52:00 INFO Cache refreshed successfully
2026-01-06 10:53:00 ERROR NullPointerException at PaymentService.java:88
2026-01-07 10:54:00 INFO Application heartbeat check completed
2026-01-08 10:55:00 WARN Slow query detected
2026-01-09 10:56:00 INFO Cache refreshed successfully
2026-01-10 10:57:00 ERROR Connection refused: database unreachable
2026-01-11 10:58:00 ERROR Request timeout
2026-01-12 10:59:00 INFO Cache refreshed successfully
2026-01-13 10:00:00 ERROR Connection refused: database unreachable
2026-01-14 10:01:00 WARN Deprecated configuration key used
2026-01-15 10:02:00 WARN Deprecated configuration key used
2026-01-16 10:03:00 INFO Cache refreshed successfully
2026-01-17 10:04:00 INFO Cache refreshed successfully
2026-01-18 10:05:00 ERROR Request timeout
2026-01-19 10:06:00 ERROR Connection refused: database unreachable
2026-01-20 10:07:00 ERROR Connection refused: database unreachable
2026-01-21 10:08:00 ERROR Request timeout
2026-01-22 10:09:00 INFO Application heartbeat check completed
2026-01-23 10:10:00 ERROR Connection refused: database unreachable
2026-01-24 10:11:00 WARN Deprecated configuration key used
2026-01-25 10:12:00 WARN Slow query detected
2026-01-26 10:13:00 WARN Slow query detected
2026-01-27 10:14:00 INFO Application heartbeat check completed
2026-01-28 10:15:00 WARN Slow query detected
2026-01-01 10:16:00 INFO Processing scheduled batch job
2026-01-02 10:17:00 WARN Slow query detected
2026-01-03 10:18:00 WARN Slow query detected
2026-01-04 10:19:00 WARN Deprecated configuration key used
2026-01-05 10:20:00 INFO Processing scheduled batch job
2026-01-06 10:21:00 ERROR Request timeout
2026-01-07 10:22:00 INFO Processing scheduled batch job
2026-01-08 10:23:00 ERROR Request timeout
2026-01-09 10:24:00 INFO Cache refreshed successfully
2026-01-10 10:25:00 ERROR Request timeout
2026-01-11 10:26:00 ERROR Request timeout
2026-01-12 10:27:00 ERROR Request timeout
2026-01-13 10:28:00 INFO Processing scheduled batch job
2026-01-14 10:29:00 WARN Deprecated configuration key used
2026-01-15 10:30:00 ERROR NullPointerException at PaymentService.java:88
2026-01-16 10:31:00 WARN Deprecated configuration key used
2026-01-17 10:32:00 INFO Cache refreshed successfully
2026-01-18 10:33:00 WARN Slow query detected
2026-01-19 10:34:00 ERROR NullPointerException at PaymentService.java:88
2026-01-20 10:35:00 ERROR Connection refused: database unreachable
2026-01-21 10:36:00 INFO Cache refreshed successfully
2026-01-22 10:37:00 ERROR Connection refused: database unreachable
2026-01-23 10:38:00 ERROR Request timeout
2026-01-24 10:39:00 WARN Slow query detected
2026-01-25 10:40:00 WARN Slow query detected
2026-01-26 10:41:00 ERROR Connection refused: database unreachable
2026-01-27 10:42:00 ERROR Request timeout
2026-01-28 10:43:00 WARN Deprecated configuration key used
2026-01-01 10:44:00 INFO Cache refreshed successfully
2026-01-02 10:45:00 WARN Deprecated configuration key used
2026-01-03 10:46:00 INFO Cache refreshed successfully
2026-01-04 10:47:00 ERROR Connection refused: database unreachable
2026-01-05 10:48:00 ERROR Request timeout
2026-01-06 10:49:00 WARN Deprecated configuration key used
2026-01-07 10:50:00 WARN Deprecated configuration key used
2026-01-08 10:51:00 ERROR Connection refused: database unreachable
2026-01-09 10:52:00 INFO Application heartbeat check completed
2026-01-10 10:53:00 INFO Processing scheduled batch job
2026-01-11 10:54:00 INFO Processing scheduled batch job
2026-01-12 10:55:00 INFO Cache refreshed successfully
2026-01-13 10:56:00 WARN Slow query detected
2026-01-14 10:57:00 INFO Application heartbeat check completed
2026-01-15 10:58:00 WARN Deprecated configuration key used
2026-01-16 10:59:00 INFO Processing scheduled batch job
2026-01-17 10:00:00 ERROR NullPointerException at PaymentService.java:88
2026-01-18 10:01:00 INFO Processing scheduled batch job
2026-01-19 10:02:00 ERROR Request timeout
2026-01-20 10:03:00 WARN Deprecated configuration key used
2026-01-21 10:04:00 ERROR Request timeout
2026-01-22 10:05:00 ERROR NullPointerException at PaymentService.java:88
2026-01-23 10:06:00 INFO Cache refreshed successfully
2026-01-24 10:07:00 INFO Processing scheduled batch job
2026-01-25 10:08:00 INFO Cache refreshed successfully
2026-01-26 10:09:00 ERROR Connection refused: database unreachable
2026-01-27 10:10:00 ERROR Request timeout
2026-01-28 10:11:00 INFO Application heartbeat check completed
2026-01-01 10:12:00 ERROR NullPointerException at PaymentService.java:88
2026-01-02 10:13:00 INFO Processing scheduled batch job
2026-01-03 10:14:00 ERROR Request timeout
2026-01-04 10:15:00 ERROR Request timeout
2026-01-05 10:16:00 ERROR Request timeout
2026-01-06 10:17:00 INFO Cache refreshed successfully
2026-01-07 10:18:00 ERROR NullPointerException at PaymentService.java:88
2026-01-08 10:19:00 WARN Deprecated configuration key used
2026-01-09 10:20:00 INFO Application heartbeat check completed
2026-01-10 10:21:00 INFO Application heartbeat check completed
2026-01-11 10:22:00 WARN Deprecated configuration key used
2026-01-12 10:23:00 INFO Processing scheduled batch job
2026-01-13 10:24:00 WARN Slow query detected
2026-01-14 10:25:00 INFO Processing scheduled batch job
2026-01-15 10:26:00 INFO Application heartbeat check completed
2026-01-16 10:27:00 ERROR Connection refused: database unreachable
2026-01-17 10:28:00 WARN Deprecated configuration key used
2026-01-18 10:29:00 INFO Cache refreshed successfully
2026-01-19 10:30:00 INFO Cache refreshed successfully
2026-01-20 10:31:00 ERROR Request timeout
2026-01-21 10:32:00 ERROR Connection refused: database unreachable
2026-01-22 10:33:00 ERROR Request timeout
2026-01-23 10:34:00 INFO Application heartbeat check completed
2026-01-24 10:35:00 ERROR Connection refused: database unreachable
2026-01-25 10:36:00 WARN Deprecated configuration key used
2026-01-26 10:37:00 INFO Processing scheduled batch job
2026-01-27 10:38:00 ERROR Connection refused: database unreachable
2026-01-28 10:39:00 ERROR NullPointerException at PaymentService.java:88
2026-01-01 10:40:00 INFO Processing scheduled batch job
2026-01-02 10:41:00 INFO Application heartbeat check completed
2026-01-03 10:42:00 INFO Application heartbeat check completed
2026-01-04 10:43:00 WARN Slow query detected
2026-01-05 10:44:00 WARN Deprecated configuration key used
2026-01-06 10:45:00 INFO Processing scheduled batch job
2026-01-07 10:46:00 INFO Cache refreshed successfully
2026-01-08 10:47:00 ERROR Connection refused: database unreachable
2026-01-09 10:48:00 WARN Deprecated configuration key used
2026-01-10 10:49:00 INFO Application heartbeat check completed
2026-01-11 10:50:00 ERROR NullPointerException at PaymentService.java:88
2026-01-12 10:51:00 INFO Cache refreshed successfully
2026-01-13 10:52:00 INFO Cache refreshed successfully
2026-01-14 10:53:00 ERROR Connection refused: database unreachable
2026-01-15 10:54:00 WARN Slow query detected
2026-01-16 10:55:00 ERROR Connection refused: database unreachable
2026-01-17 10:56:00 INFO Application heartbeat check completed
2026-01-18 10:57:00 INFO Processing scheduled batch job
2026-01-19 10:58:00 ERROR Request timeout
2026-01-20 10:59:00 INFO Application heartbeat check completed
2026-01-21 10:00:00 WARN Slow query detected
2026-01-22 10:01:00 WARN Slow query detected
2026-01-23 10:02:00 INFO Cache refreshed successfully
2026-01-24 10:03:00 WARN Slow query detected
2026-01-25 10:04:00 ERROR Connection refused: database unreachable
2026-01-26 10:05:00 ERROR NullPointerException at PaymentService.java:88
2026-01-27 10:06:00 INFO Application heartbeat check completed
2026-01-28 10:07:00 INFO Application heartbeat check completed
2026-01-01 10:08:00 ERROR Connection refused: database unreachable
2026-01-02 10:09:00 INFO Application heartbeat check completed
2026-01-03 10:10:00 ERROR Connection refused: database unreachable
2026-01-04 10:11:00 WARN Slow query detected
2026-01-05 10:12:00 WARN Slow query detected
2026-01-06 10:13:00 ERROR Request timeout
2026-01-07 10:14:00 ERROR Request timeout
2026-01-08 10:15:00 ERROR Request timeout
2026-01-09 10:16:00 ERROR Request timeout
2026-01-10 10:17:00 ERROR NullPointerException at PaymentService.java:88
2026-01-11 10:18:00 ERROR Connection refused: database unreachable
2026-01-12 10:19:00 INFO Processing scheduled batch job
2026-01-13 10:20:00 WARN Deprecated configuration key used
2026-01-14 10:21:00 INFO Application heartbeat check completed
2026-01-15 10:22:00 WARN Deprecated configuration key used
2026-01-16 10:23:00 ERROR NullPointerException at PaymentService.java:88
2026-01-17 10:24:00 WARN Deprecated configuration key used
2026-01-18 10:25:00 ERROR Connection refused: database unreachable
2026-01-19 10:26:00 INFO Cache refreshed successfully
2026-01-20 10:27:00 INFO Cache refreshed successfully
2026-01-21 10:28:00 WARN Slow query detected
2026-01-22 10:29:00 ERROR Connection refused: database unreachable
2026-01-23 10:30:00 INFO Cache refreshed successfully
2026-01-24 10:31:00 ERROR Request timeout
2026-01-25 10:32:00 INFO Cache refreshed successfully
2026-01-26 10:33:00 INFO Cache refreshed successfully
2026-01-27 10:34:00 INFO Cache refreshed successfully
2026-01-28 10:35:00 ERROR Request timeout
2026-01-01 10:36:00 INFO Processing scheduled batch job
2026-01-02 10:37:00 INFO Cache refreshed successfully
2026-01-03 10:38:00 WARN Slow query detected
2026-01-04 10:39:00 ERROR NullPointerException at PaymentService.java:88
2026-01-05 10:40:00 ERROR Request timeout
2026-01-06 10:41:00 ERROR Request timeout
2026-01-07 10:42:00 INFO Processing scheduled batch job
2026-01-08 10:43:00 WARN Slow query detected
2026-01-09 10:44:00 WARN Deprecated configuration key used
2026-01-10 10:45:00 INFO Cache refreshed successfully
2026-01-11 10:46:00 WARN Deprecated configuration key used
2026-01-12 10:47:00 ERROR NullPointerException at PaymentService.java:88
2026-01-13 10:48:00 INFO Application heartbeat check completed
2026-01-14 10:49:00 WARN Slow query detected
2026-01-15 10:50:00 ERROR Request timeout
2026-01-16 10:51:00 ERROR Request timeout
2026-01-17 10:52:00 INFO Processing scheduled batch job
2026-01-18 10:53:00 INFO Cache refreshed successfully
2026-01-19 10:54:00 WARN Deprecated configuration key used
2026-01-20 10:55:00 ERROR Connection refused: database unreachable
2026-01-21 10:56:00 INFO Application heartbeat check completed
2026-01-22 10:57:00 ERROR Connection refused: database unreachable
2026-01-23 10:58:00 WARN Slow query detected
2026-01-24 10:59:00 ERROR NullPointerException at PaymentService.java:88
2026-01-25 10:00:00 INFO Application heartbeat check completed
2026-01-26 10:01:00 INFO Processing scheduled batch job
2026-01-27 10:02:00 ERROR Connection refused: database unreachable
2026-01-28 10:03:00 ERROR Connection refused: database unreachable
2026-01-01 10:04:00 WARN Deprecated configuration key used
2026-01-02 10:05:00 ERROR Connection refused: database unreachable
2026-01-03 10:06:00 INFO Processing scheduled batch job
2026-01-04 10:07:00 WARN Slow query detected
2026-01-05 10:08:00 INFO Processing scheduled batch job
2026-01-06 10:09:00 INFO Application heartbeat check completed
2026-01-07 10:10:00 ERROR NullPointerException at PaymentService.java:88
2026-01-08 10:11:00 ERROR NullPointerException at PaymentService.java:88
2026-01-09 10:12:00 INFO Application heartbeat check completed
2026-01-10 10:13:00 ERROR Connection refused: database unreachable
2026-01-11 10:14:00 ERROR NullPointerException at PaymentService.java:88
2026-01-12 10:15:00 INFO Application heartbeat check completed
2026-01-13 10:16:00 INFO Application heartbeat check completed
2026-01-14 10:17:00 ERROR Request timeout
2026-01-15 10:18:00 ERROR Connection refused: database unreachable
2026-01-16 10:19:00 ERROR NullPointerException at PaymentService.java:88
2026-01-17 10:20:00 ERROR Request timeout
2026-01-18 10:21:00 ERROR Connection refused: database unreachable
2026-01-19 10:22:00 ERROR Request timeout
2026-01-20 10:23:00 INFO Processing scheduled batch job
2026-01-21 10:24:00 INFO Application heartbeat check completed
2026-01-22 10:25:00 WARN Deprecated configuration key used
2026-01-23 10:26:00 WARN Deprecated configuration key used
2026-01-24 10:27:00 ERROR Request timeout
2026-01-25 10:28:00 INFO Cache refreshed successfully
2026-01-26 10:29:00 WARN Slow query detected
2026-01-27 10:30:00 INFO Application heartbeat check completed
2026-01-28 10:31:00 INFO Processing scheduled batch job
2026-01-01 10:32:00 INFO Cache refreshed successfully
2026-01-02 10:33:00 ERROR NullPointerException at PaymentService.java:88
2026-01-03 10:34:00 ERROR NullPointerException at PaymentService.java:88
2026-01-04 10:35:00 INFO Cache refreshed successfully
2026-01-05 10:36:00 WARN Slow query detected
2026-01-06 10:37:00 WARN Slow query detected
2026-01-07 10:38:00 ERROR Request timeout
2026-01-08 10:39:00 INFO Processing scheduled batch job
2026-01-09 10:40:00 WARN Deprecated configuration key used
2026-01-10 10:41:00 ERROR NullPointerException at PaymentService.java:88
2026-01-11 10:42:00 ERROR Connection refused: database unreachable
2026-01-12 10:43:00 WARN Deprecated configuration key used
2026-01-13 10:44:00 WARN Slow query detected
2026-01-14 10:45:00 ERROR Connection refused: database unreachable
2026-01-15 10:46:00 INFO Processing scheduled batch job
2026-01-16 10:47:00 INFO Processing scheduled batch job
2026-01-17 10:48:00 ERROR Connection refused: database unreachable
2026-01-18 10:49:00 WARN Deprecated configuration key used
2026-01-19 10:50:00 WARN Slow query detected
2026-01-20 10:51:00 ERROR Connection refused: database unreachable
2026-01-21 10:52:00 WARN Slow query detected
2026-01-22 10:53:00 INFO Cache refreshed successfully
2026-01-23 10:54:00 ERROR Request timeout
2026-01-24 10:55:00 ERROR Request timeout
2026-01-25 10:56:00 ERROR Request timeout
2026-01-26 10:57:00 WARN Slow query detected
2026-01-27 10:58:00 WARN Slow query detected
2026-01-28 10:59:00 INFO Application heartbeat check completed
2026-01-01 10:00:00 WARN Slow query detected
2026-01-02 10:01:00 WARN Slow query detected
2026-01-03 10:02:00 ERROR NullPointerException at PaymentService.java:88
2026-01-04 10:03:00 ERROR Request timeout
2026-01-05 10:04:00 INFO Application heartbeat check completed
2026-01-06 10:05:00 WARN Deprecated configuration key used
2026-01-07 10:06:00 WARN Slow query detected
2026-01-08 10:07:00 INFO Cache refreshed successfully
2026-01-09 10:08:00 WARN Slow query detected
2026-01-10 10:09:00 ERROR NullPointerException at PaymentService.java:88
2026-01-11 10:10:00 ERROR Connection refused: database unreachable
2026-01-12 10:11:00 INFO Cache refreshed successfully
2026-01-13 10:12:00 WARN Deprecated configuration key used
2026-01-14 10:13:00 ERROR Request timeout
2026-01-15 10:14:00 INFO Processing scheduled batch job
2026-01-16 10:15:00 INFO Application heartbeat check completed
2026-01-17 10:16:00 WARN Deprecated configuration key used
2026-01-18 10:17:00 INFO Cache refreshed successfully
2026-01-19 10:18:00 INFO Processing scheduled batch job
2026-01-20 10:19:00 INFO Application heartbeat check completed
2026-01-21 10:20:00 INFO Cache refreshed successfully
2026-01-22 10:21:00 ERROR NullPointerException at PaymentService.java:88
2026-01-23 10:22:00 INFO Processing scheduled batch job
2026-01-24 10:23:00 INFO Cache refreshed successfully
2026-01-25 10:24:00 INFO Cache refreshed successfully
2026-01-26 10:25:00 WARN Slow query detected
2026-01-27 10:26:00 INFO Processing scheduled batch job
2026-01-28 10:27:00 WARN Deprecated configuration key used
2026-01-01 10:28:00 ERROR NullPointerException at PaymentService.java:88
2026-01-02 10:29:00 WARN Deprecated configuration key used
2026-01-03 10:30:00 INFO Cache refreshed successfully
2026-01-04 10:31:00 WARN Slow query detected
2026-01-05 10:32:00 WARN Slow query detected
2026-01-06 10:33:00 INFO Application heartbeat check completed
2026-01-07 10:34:00 ERROR NullPointerException at PaymentService.java:88
2026-01-08 10:35:00 WARN Slow query detected
2026-01-09 10:36:00 INFO Application heartbeat check completed
2026-01-10 10:37:00 INFO Cache refreshed successfully
2026-01-11 10:38:00 WARN Deprecated configuration key used
2026-01-12 10:39:00 ERROR NullPointerException at PaymentService.java:88
2026-01-13 10:40:00 ERROR Connection refused: database unreachable
2026-01-14 10:41:00 ERROR Connection refused: database unreachable
2026-01-15 10:42:00 INFO Cache refreshed successfully
2026-01-16 10:43:00 INFO Processing scheduled batch job
2026-01-17 10:44:00 ERROR Request timeout
2026-01-18 10:45:00 ERROR Connection refused: database unreachable
2026-01-19 10:46:00 WARN Slow query detected
2026-01-20 10:47:00 ERROR NullPointerException at PaymentService.java:88
2026-01-21 10:48:00 ERROR Connection refused: database unreachable
2026-01-22 10:49:00 INFO Processing scheduled batch job
2026-01-23 10:50:00 INFO Application heartbeat check completed
2026-01-24 10:51:00 ERROR NullPointerException at PaymentService.java:88
2026-01-25 10:52:00 WARN Deprecated configuration key used
2026-01-26 10:53:00 INFO Application heartbeat check completed
2026-01-27 10:54:00 WARN Deprecated configuration key used
2026-01-28 10:55:00 INFO Cache refreshed successfully
2026-01-01 10:56:00 INFO Cache refreshed successfully
2026-01-02 10:57:00 INFO Processing scheduled batch job
2026-01-03 10:58:00 WARN Slow query detected
2026-01-04 10:59:00 INFO Cache refreshed successfully
2026-01-05 10:00:00 WARN Slow query detected
2026-01-06 10:01:00 WARN Deprecated configuration key used
2026-01-07 10:02:00 WARN Deprecated configuration key used
2026-01-08 10:03:00 WARN Slow query detected
2026-01-09 10:04:00 WARN Deprecated configuration key used
2026-01-10 10:05:00 INFO Application heartbeat check completed
2026-01-11 10:06:00 WARN Deprecated configuration key used
2026-01-12 10:07:00 WARN Deprecated configuration key used
2026-01-13 10:08:00 ERROR Connection refused: database unreachable
2026-01-14 10:09:00 ERROR NullPointerException at PaymentService.java:88
2026-01-15 10:10:00 ERROR NullPointerException at PaymentService.java:88
2026-01-16 10:11:00 ERROR Request timeout
2026-01-17 10:12:00 INFO Cache refreshed successfully
2026-01-18 10:13:00 INFO Cache refreshed successfully
2026-01-19 10:14:00 INFO Application heartbeat check completed
2026-01-20 10:15:00 WARN Slow query detected
2026-01-21 10:16:00 INFO Application heartbeat check completed
2026-01-22 10:17:00 INFO Application heartbeat check completed
2026-01-23 10:18:00 INFO Application heartbeat check completed
2026-01-24 10:19:00 WARN Deprecated configuration key used
2026-01-25 10:20:00 WARN Deprecated configuration key used
2026-01-26 10:21:00 ERROR NullPointerException at PaymentService.java:88
2026-01-27 10:22:00 INFO Processing scheduled batch job
2026-01-28 10:23:00 ERROR Request timeout
2026-01-01 10:24:00 WARN Deprecated configuration key used
2026-01-02 10:25:00 INFO Cache refreshed successfully
2026-01-03 10:26:00 INFO Cache refreshed successfully
2026-01-04 10:27:00 ERROR Connection refused: database unreachable
2026-01-05 10:28:00 INFO Cache refreshed successfully
2026-01-06 10:29:00 ERROR Connection refused: database unreachable
2026-01-07 10:30:00 WARN Slow query detected
2026-01-08 10:31:00 ERROR Request timeout
2026-01-09 10:32:00 INFO Cache refreshed successfully
2026-01-10 10:33:00 ERROR Connection refused: database unreachable
2026-01-11 10:34:00 INFO Application heartbeat check completed
2026-01-12 10:35:00 INFO Application heartbeat check completed
2026-01-13 10:36:00 ERROR NullPointerException at PaymentService.java:88
2026-01-14 10:37:00 INFO Cache refreshed successfully
2026-01-15 10:38:00 ERROR NullPointerException at PaymentService.java:88
2026-01-16 10:39:00 INFO Application heartbeat check completed
2026-01-17 10:40:00 INFO Processing scheduled batch job
2026-01-18 10:41:00 ERROR NullPointerException at PaymentService.java:88
2026-01-19 10:42:00 INFO Processing scheduled batch job
2026-01-20 10:43:00 WARN Slow query detected
2026-01-21 10:44:00 INFO Processing scheduled batch job
2026-01-22 10:45:00 ERROR Connection refused: database unreachable
2026-01-23 10:46:00 ERROR NullPointerException at PaymentService.java:88
2026-01-24 10:47:00 ERROR Connection refused: database unreachable
2026-01-25 10:48:00 WARN Slow query detected
2026-01-26 10:49:00 ERROR Connection refused: database unreachable
2026-01-27 10:50:00 ERROR Connection refused: database unreachable
2026-01-28 10:51:00 INFO Application heartbeat check completed
2026-01-01 10:52:00 WARN Slow query detected
2026-01-02 10:53:00 ERROR Request timeout
2026-01-03 10:54:00 WARN Deprecated configuration key used
2026-01-04 10:55:00 ERROR NullPointerException at PaymentService.java:88
2026-01-05 10:56:00 INFO Application heartbeat check completed
2026-01-06 10:57:00 ERROR NullPointerException at PaymentService.java:88
2026-01-07 10:58:00 WARN Deprecated configuration key used
2026-01-08 10:59:00 WARN Deprecated configuration key used
2026-01-09 10:00:00 INFO Cache refreshed successfully
2026-01-10 10:01:00 ERROR Connection refused: database unreachable
2026-01-11 10:02:00 ERROR Connection refused: database unreachable
2026-01-12 10:03:00 ERROR Connection refused: database unreachable
2026-01-13 10:04:00 INFO Application heartbeat check completed
2026-01-14 10:05:00 ERROR Connection refused: database unreachable
2026-01-15 10:06:00 INFO Processing scheduled batch job
2026-01-16 10:07:00 ERROR NullPointerException at PaymentService.java:88
2026-01-17 10:08:00 ERROR Connection refused: database unreachable
2026-01-18 10:09:00 ERROR Connection refused: database unreachable
2026-01-19 10:10:00 INFO Processing scheduled batch job
2026-01-20 10:11:00 ERROR Connection refused: database unreachable
2026-01-21 10:12:00 WARN Slow query detected
2026-01-22 10:13:00 INFO Cache refreshed successfully
2026-01-23 10:14:00 INFO Processing scheduled batch job
2026-01-24 10:15:00 INFO Cache refreshed successfully
2026-01-25 10:16:00 WARN Slow query detected
2026-01-26 10:17:00 INFO Cache refreshed successfully
2026-01-27 10:18:00 INFO Application heartbeat check completed
2026-01-28 10:19:00 WARN Deprecated configuration key used
2026-01-01 10:20:00 ERROR Connection refused: database unreachable
2026-01-02 10:21:00 WARN Deprecated configuration key used
2026-01-03 10:22:00 ERROR Connection refused: database unreachable
2026-01-04 10:23:00 WARN Slow query detected
2026-01-05 10:24:00 INFO Application heartbeat check completed
2026-01-06 10:25:00 ERROR Request timeout
2026-01-07 10:26:00 WARN Slow query detected
2026-01-08 10:27:00 WARN Slow query detected
2026-01-09 10:28:00 WARN Slow query detected
2026-01-10 10:29:00 ERROR Connection refused: database unreachable
2026-01-11 10:30:00 WARN Deprecated configuration key used
2026-01-12 10:31:00 WARN Deprecated configuration key used
2026-01-13 10:32:00 WARN Slow query detected
2026-01-14 10:33:00 INFO Processing scheduled batch job
2026-01-15 10:34:00 INFO Processing scheduled batch job
2026-01-16 10:35:00 ERROR Connection refused: database unreachable
2026-01-17 10:36:00 ERROR Request timeout
2026-01-18 10:37:00 INFO Processing scheduled batch job
2026-01-19 10:38:00 ERROR Request timeout
2026-01-20 10:39:00 ERROR NullPointerException at PaymentService.java:88
2026-01-21 10:40:00 INFO Cache refreshed successfully
2026-01-22 10:41:00 INFO Processing scheduled batch job
2026-01-23 10:42:00 ERROR Connection refused: database unreachable
2026-01-24 10:43:00 ERROR NullPointerException at PaymentService.java:88
2026-01-25 10:44:00 WARN Deprecated configuration key used
2026-01-26 10:45:00 ERROR Request timeout
2026-01-27 10:46:00 WARN Deprecated configuration key used
2026-01-28 10:47:00 WARN Slow query detected
2026-01-01 10:48:00 INFO Cache refreshed successfully
2026-01-02 10:49:00 INFO Processing scheduled batch job
2026-01-03 10:50:00 ERROR NullPointerException at PaymentService.java:88
2026-01-04 10:51:00 WARN Deprecated configuration key used
2026-01-05 10:52:00 ERROR Connection refused: database unreachable
2026-01-06 10:53:00 INFO Cache refreshed successfully
2026-01-07 10:54:00 WARN Slow query detected
2026-01-08 10:55:00 INFO Cache refreshed successfully
2026-01-09 10:56:00 INFO Application heartbeat check completed
2026-01-10 10:57:00 INFO Processing scheduled batch job
2026-01-11 10:58:00 INFO Application heartbeat check completed
2026-01-12 10:59:00 INFO Cache refreshed successfully
2026-01-13 10:00:00 INFO Processing scheduled batch job
2026-01-14 10:01:00 INFO Cache refreshed successfully
2026-01-15 10:02:00 INFO Cache refreshed successfully
2026-01-16 10:03:00 WARN Slow query detected
2026-01-17 10:04:00 INFO Cache refreshed successfully
2026-01-18 10:05:00 INFO Cache refreshed successfully
2026-01-19 10:06:00 INFO Application heartbeat check completed
2026-01-20 10:07:00 ERROR Connection refused: database unreachable
2026-01-21 10:08:00 WARN Deprecated configuration key used
2026-01-22 10:09:00 INFO Cache refreshed successfully
2026-01-23 10:10:00 ERROR NullPointerException at PaymentService.java:88
2026-01-24 10:11:00 INFO Application heartbeat check completed
2026-01-25 10:12:00 WARN Deprecated configuration key used
2026-01-26 10:13:00 ERROR Connection refused: database unreachable
2026-01-27 10:14:00 WARN Slow query detected
2026-01-28 10:15:00 WARN Slow query detected
2026-01-01 10:16:00 INFO Cache refreshed successfully
2026-01-02 10:17:00 ERROR Request timeout
2026-01-03 10:18:00 INFO Application heartbeat check completed
2026-01-04 10:19:00 WARN Slow query detected
2026-01-05 10:20:00 ERROR Request timeout
2026-01-06 10:21:00 ERROR Request timeout
2026-01-07 10:22:00 WARN Slow query detected
2026-01-08 10:23:00 INFO Application heartbeat check completed
2026-01-09 10:24:00 ERROR NullPointerException at PaymentService.java:88
2026-01-10 10:25:00 ERROR NullPointerException at PaymentService.java:88
2026-01-11 10:26:00 ERROR Connection refused: database unreachable
2026-01-12 10:27:00 ERROR Request timeout
2026-01-13 10:28:00 ERROR NullPointerException at PaymentService.java:88
2026-01-14 10:29:00 WARN Deprecated configuration key used
2026-01-15 10:30:00 ERROR Request timeout
2026-01-16 10:31:00 ERROR Connection refused: database unreachable
2026-01-17 10:32:00 ERROR Connection refused: database unreachable
2026-01-18 10:33:00 INFO Processing scheduled batch job
2026-01-19 10:34:00 INFO Application heartbeat check completed
2026-01-20 10:35:00 INFO Application heartbeat check completed
2026-01-21 10:36:00 WARN Deprecated configuration key used
2026-01-22 10:37:00 ERROR Connection refused: database unreachable
2026-01-23 10:38:00 ERROR Request timeout
2026-01-24 10:39:00 ERROR Connection refused: database unreachable
2026-01-25 10:40:00 INFO Processing scheduled batch job
2026-01-26 10:41:00 WARN Slow query detected
2026-01-27 10:42:00 INFO Processing scheduled batch job
2026-01-28 10:43:00 INFO Cache refreshed successfully
2026-01-01 10:44:00 INFO Processing scheduled batch job
2026-01-02 10:45:00 ERROR Request timeout
2026-01-03 10:46:00 INFO Processing scheduled batch job
2026-01-04 10:47:00 ERROR Request timeout
2026-01-05 10:48:00 WARN Deprecated configuration key used
2026-01-06 10:49:00 INFO Cache refreshed successfully
2026-01-07 10:50:00 INFO Cache refreshed successfully
2026-01-08 10:51:00 WARN Deprecated configuration key used
2026-01-09 10:52:00 ERROR Request timeout
2026-01-10 10:53:00 WARN Slow query detected
2026-01-11 10:54:00 ERROR Connection refused: database unreachable
2026-01-12 10:55:00 ERROR Connection refused: database unreachable
2026-01-13 10:56:00 INFO Cache refreshed successfully
2026-01-14 10:57:00 INFO Cache refreshed successfully
2026-01-15 10:58:00 INFO Application heartbeat check completed
2026-01-16 10:59:00 WARN Slow query detected
2026-01-17 10:00:00 INFO Application heartbeat check completed
2026-01-18 10:01:00 WARN Slow query detected
2026-01-19 10:02:00 ERROR Request timeout
2026-01-20 10:03:00 ERROR Connection refused: database unreachable
2026-01-21 10:04:00 ERROR NullPointerException at PaymentService.java:88
2026-01-22 10:05:00 WARN Deprecated configuration key used
2026-01-23 10:06:00 INFO Cache refreshed successfully
2026-01-24 10:07:00 ERROR Connection refused: database unreachable
2026-01-25 10:08:00 INFO Cache refreshed successfully
2026-01-26 10:09:00 ERROR Request timeout
2026-01-27 10:10:00 WARN Deprecated configuration key used
2026-01-28 10:11:00 WARN Deprecated configuration key used
2026-01-01 10:12:00 ERROR Connection refused: database unreachable
2026-01-02 10:13:00 WARN Slow query detected
2026-01-03 10:14:00 ERROR Connection refused: database unreachable
2026-01-04 10:15:00 ERROR Connection refused: database unreachable
2026-01-05 10:16:00 ERROR Request timeout
2026-01-06 10:17:00 ERROR Connection refused: database unreachable
2026-01-07 10:18:00 WARN Slow query detected
2026-01-08 10:19:00 ERROR Connection refused: database unreachable
2026-01-09 10:20:00 INFO Application heartbeat check completed
2026-01-10 10:21:00 WARN Deprecated configuration key used
2026-01-11 10:22:00 INFO Processing scheduled batch job
2026-01-12 10:23:00 INFO Application heartbeat check completed
2026-01-13 10:24:00 WARN Slow query detected
2026-01-14 10:25:00 INFO Cache refreshed successfully
2026-01-15 10:26:00 WARN Deprecated configuration key used
2026-01-16 10:27:00 WARN Deprecated configuration key used
2026-01-17 10:28:00 ERROR Request timeout
2026-01-18 10:29:00 ERROR Request timeout
2026-01-19 10:30:00 WARN Deprecated configuration key used
2026-01-20 10:31:00 ERROR NullPointerException at PaymentService.java:88
2026-01-21 10:32:00 ERROR Connection refused: database unreachable
2026-01-22 10:33:00 ERROR Connection refused: database unreachable
2026-01-23 10:34:00 INFO Application heartbeat check completed
2026-01-24 10:35:00 ERROR Connection refused: database unreachable
2026-01-25 10:36:00 WARN Deprecated configuration key used
2026-01-26 10:37:00 WARN Slow query detected
2026-01-27 10:38:00 INFO Cache refreshed successfully
2026-01-28 10:39:00 INFO Application heartbeat check completed
2026-01-01 10:40:00 ERROR NullPointerException at PaymentService.java:88
2026-01-02 10:41:00 INFO Cache refreshed successfully
2026-01-03 10:42:00 ERROR NullPointerException at PaymentService.java:88
2026-01-04 10:43:00 INFO Application heartbeat check completed
2026-01-05 10:44:00 WARN Deprecated configuration key used
2026-01-06 10:45:00 ERROR Request timeout
2026-01-07 10:46:00 ERROR Request timeout
2026-01-08 10:47:00 INFO Application heartbeat check completed
2026-01-09 10:48:00 INFO Processing scheduled batch job
2026-01-10 10:49:00 ERROR Connection refused: database unreachable
2026-01-11 10:50:00 ERROR Request timeout
2026-01-12 10:51:00 INFO Cache refreshed successfully
2026-01-13 10:52:00 INFO Processing scheduled batch job
2026-01-14 10:53:00 ERROR Connection refused: database unreachable
2026-01-15 10:54:00 INFO Processing scheduled batch job
2026-01-16 10:55:00 INFO Processing scheduled batch job
2026-01-17 10:56:00 WARN Deprecated configuration key used
2026-01-18 10:57:00 ERROR Connection refused: database unreachable
2026-01-19 10:58:00 INFO Processing scheduled batch job
2026-01-20 10:59:00 INFO Cache refreshed successfully
2026-01-21 10:00:00 WARN Deprecated configuration key used
2026-01-22 10:01:00 ERROR Connection refused: database unreachable
2026-01-23 10:02:00 INFO Cache refreshed successfully
2026-01-24 10:03:00 INFO Cache refreshed successfully
2026-01-25 10:04:00 WARN Deprecated configuration key used
2026-01-26 10:05:00 ERROR Connection refused: database unreachable
2026-01-27 10:06:00 WARN Deprecated configuration key used
2026-01-28 10:07:00 INFO Processing scheduled batch job
2026-01-01 10:08:00 ERROR Request timeout
2026-01-02 10:09:00 ERROR Connection refused: database unreachable
2026-01-03 10:10:00 WARN Slow query detected
2026-01-04 10:11:00 ERROR Connection refused: database unreachable
2026-01-05 10:12:00 ERROR Request timeout
2026-01-06 10:13:00 INFO Cache refreshed successfully
2026-01-07 10:14:00 WARN Slow query detected
2026-01-08 10:15:00 WARN Deprecated configuration key used
2026-01-09 10:16:00 WARN Deprecated configuration key used
2026-01-10 10:17:00 INFO Application heartbeat check completed
2026-01-11 10:18:00 ERROR Connection refused: database unreachable
2026-01-12 10:19:00 INFO Processing scheduled batch job
2026-01-13 10:20:00 WARN Slow query detected
2026-01-14 10:21:00 ERROR NullPointerException at PaymentService.java:88
2026-01-15 10:22:00 ERROR Connection refused: database unreachable
2026-01-16 10:23:00 INFO Processing scheduled batch job
2026-01-17 10:24:00 INFO Cache refreshed successfully
2026-01-18 10:25:00 ERROR Request timeout
2026-01-19 10:26:00 INFO Application heartbeat check completed
2026-01-20 10:27:00 ERROR Connection refused: database unreachable
2026-01-21 10:28:00 ERROR Request timeout
2026-01-22 10:29:00 INFO Processing scheduled batch job
2026-01-23 10:30:00 ERROR Connection refused: database unreachable
2026-01-24 10:31:00 WARN Slow query detected
2026-01-25 10:32:00 INFO Cache refreshed successfully
2026-01-26 10:33:00 ERROR Request timeout
2026-01-27 10:34:00 ERROR NullPointerException at PaymentService.java:88
2026-01-28 10:35:00 INFO Cache refreshed successfully
2026-01-01 10:36:00 INFO Cache refreshed successfully
2026-01-02 10:37:00 INFO Processing scheduled batch job
2026-01-03 10:38:00 ERROR Connection refused: database unreachable
2026-01-04 10:39:00 WARN Deprecated configuration key used
2026-01-05 10:40:00 INFO Processing scheduled batch job
2026-01-06 10:41:00 ERROR Request timeout
2026-01-07 10:42:00 ERROR NullPointerException at PaymentService.java:88
2026-01-08 10:43:00 INFO Application heartbeat check completed
2026-01-09 10:44:00 WARN Deprecated configuration key used
2026-01-10 10:45:00 INFO Processing scheduled batch job
2026-01-11 10:46:00 INFO Cache refreshed successfully
2026-01-12 10:47:00 INFO Cache refreshed successfully
2026-01-13 10:48:00 INFO Processing scheduled batch job
2026-01-14 10:49:00 INFO Processing scheduled batch job
2026-01-15 10:50:00 WARN Deprecated configuration key used
2026-01-16 10:51:00 ERROR Connection refused: database unreachable
2026-01-17 10:52:00 WARN Deprecated configuration key used
2026-01-18 10:53:00 INFO Cache refreshed successfully
2026-01-19 10:54:00 WARN Deprecated configuration key used
2026-01-20 10:55:00 ERROR Connection refused: database unreachable
2026-01-21 10:56:00 ERROR Connection refused: database unreachable
2026-01-22 10:57:00 ERROR NullPointerException at PaymentService.java:88
2026-01-23 10:58:00 INFO Processing scheduled batch job
2026-01-24 10:59:00 INFO Application heartbeat check completed
2026-01-25 10:00:00 ERROR NullPointerException at PaymentService.java:88
2026-01-26 10:01:00 INFO Application heartbeat check completed
2026-01-27 10:02:00 INFO Cache refreshed successfully
2026-01-28 10:03:00 INFO Processing scheduled batch job
2026-01-01 10:04:00 INFO Cache refreshed successfully
2026-01-02 10:05:00 ERROR Connection refused: database unreachable
2026-01-03 10:06:00 WARN Deprecated configuration key used
2026-01-04 10:07:00 WARN Deprecated configuration key used
2026-01-05 10:08:00 ERROR Connection refused: database unreachable
2026-01-06 10:09:00 INFO Application heartbeat check completed
2026-01-07 10:10:00 INFO Cache refreshed successfully
2026-01-08 10:11:00 INFO Cache refreshed successfully
2026-01-09 10:12:00 ERROR Connection refused: database unreachable
2026-01-10 10:13:00 INFO Cache refreshed successfully
2026-01-11 10:14:00 ERROR NullPointerException at PaymentService.java:88
2026-01-12 10:15:00 INFO Cache refreshed successfully
2026-01-13 10:16:00 ERROR Connection refused: database unreachable
2026-01-14 10:17:00 INFO Application heartbeat check completed
2026-01-15 10:18:00 INFO Application heartbeat check completed
2026-01-16 10:19:00 ERROR NullPointerException at PaymentService.java:88
2026-01-17 10:20:00 ERROR Request timeout
2026-01-18 10:21:00 ERROR Connection refused: database unreachable
2026-01-19 10:22:00 ERROR Connection refused: database unreachable
2026-01-20 10:23:00 WARN Slow query detected
2026-01-21 10:24:00 ERROR Request timeout
2026-01-22 10:25:00 ERROR NullPointerException at PaymentService.java:88
2026-01-23 10:26:00 INFO Application heartbeat check completed
2026-01-24 10:27:00 WARN Deprecated configuration key used
2026-01-25 10:28:00 INFO Processing scheduled batch job
2026-01-26 10:29:00 ERROR Request timeout
2026-01-27 10:30:00 ERROR Request timeout
2026-01-28 10:31:00 ERROR NullPointerException at PaymentService.java:88
2026-01-01 10:32:00 WARN Deprecated configuration key used
2026-01-02 10:33:00 INFO Application heartbeat check completed
2026-01-03 10:34:00 ERROR Request timeout
2026-01-04 10:35:00 WARN Slow query detected
2026-01-05 10:36:00 ERROR Connection refused: database unreachable
2026-01-06 10:37:00 WARN Deprecated configuration key used
2026-01-07 10:38:00 WARN Slow query detected
2026-01-08 10:39:00 INFO Cache refreshed successfully
2026-01-09 10:40:00 WARN Slow query detected
2026-01-10 10:41:00 WARN Deprecated configuration key used
2026-01-11 10:42:00 WARN Slow query detected
2026-01-12 10:43:00 ERROR NullPointerException at PaymentService.java:88
2026-01-13 10:44:00 INFO Cache refreshed successfully
2026-01-14 10:45:00 WARN Deprecated configuration key used
2026-01-15 10:46:00 ERROR Request timeout
2026-01-16 10:47:00 INFO Processing scheduled batch job
2026-01-17 10:48:00 INFO Processing scheduled batch job
2026-01-18 10:49:00 WARN Deprecated configuration key used
2026-01-19 10:50:00 ERROR NullPointerException at PaymentService.java:88
2026-01-20 10:51:00 WARN Deprecated configuration key used
2026-01-21 10:52:00 INFO Application heartbeat check completed
2026-01-22 10:53:00 INFO Processing scheduled batch job
2026-01-23 10:54:00 ERROR Connection refused: database unreachable
2026-01-24 10:55:00 ERROR Request timeout
2026-01-25 10:56:00 ERROR NullPointerException at PaymentService.java:88
2026-01-26 10:57:00 INFO Application heartbeat check completed
2026-01-27 10:58:00 ERROR Request timeout
2026-01-28 10:59:00 ERROR Connection refused: database unreachable
2026-01-01 10:00:00 ERROR Request timeout
2026-01-02 10:01:00 ERROR NullPointerException at PaymentService.java:88
2026-01-03 10:02:00 ERROR Connection refused: database unreachable
2026-01-04 10:03:00 WARN Deprecated configuration key used
2026-01-05 10:04:00 INFO Processing scheduled batch job
2026-01-06 10:05:00 WARN Slow query detected
2026-01-07 10:06:00 ERROR Connection refused: database unreachable
2026-01-08 10:07:00 INFO Cache refreshed successfully
2026-01-09 10:08:00 INFO Processing scheduled batch job
2026-01-10 10:09:00 INFO Application heartbeat check completed
2026-01-11 10:10:00 WARN Slow query detected
2026-01-12 10:11:00 WARN Deprecated configuration key used
2026-01-13 10:12:00 INFO Cache refreshed successfully
2026-01-14 10:13:00 INFO Processing scheduled batch job
2026-01-15 10:14:00 ERROR NullPointerException at PaymentService.java:88
2026-01-16 10:15:00 WARN Slow query detected
2026-01-17 10:16:00 ERROR NullPointerException at PaymentService.java:88
2026-01-18 10:17:00 ERROR Request timeout
2026-01-19 10:18:00 INFO Application heartbeat check completed
2026-01-20 10:19:00 INFO Cache refreshed successfully
2026-01-21 10:20:00 ERROR Request timeout
2026-01-22 10:21:00 ERROR NullPointerException at PaymentService.java:88
2026-01-23 10:22:00 INFO Application heartbeat check completed
2026-01-24 10:23:00 INFO Application heartbeat check completed
2026-01-25 10:24:00 ERROR NullPointerException at PaymentService.java:88
2026-01-26 10:25:00 WARN Deprecated configuration key used
2026-01-27 10:26:00 WARN Slow query detected
2026-01-28 10:27:00 INFO Processing scheduled batch job
2026-01-01 10:28:00 WARN Deprecated configuration key used
2026-01-02 10:29:00 INFO Processing scheduled batch job
2026-01-03 10:30:00 WARN Slow query detected
2026-01-04 10:31:00 WARN Slow query detected
2026-01-05 10:32:00 INFO Processing scheduled batch job
2026-01-06 10:33:00 WARN Deprecated configuration key used
2026-01-07 10:34:00 ERROR Connection refused: database unreachable
2026-01-08 10:35:00 INFO Application heartbeat check completed
2026-01-09 10:36:00 INFO Processing scheduled batch job
2026-01-10 10:37:00 INFO Application heartbeat check completed
2026-01-11 10:38:00 INFO Processing scheduled batch job
2026-01-12 10:39:00 ERROR Request timeout
2026-01-13 10:40:00 WARN Slow query detected
2026-01-14 10:41:00 INFO Cache refreshed successfully
2026-01-15 10:42:00 WARN Deprecated configuration key used
2026-01-16 10:43:00 INFO Cache refreshed successfully
2026-01-17 10:44:00 INFO Processing scheduled batch job
2026-01-18 10:45:00 WARN Deprecated configuration key used
2026-01-19 10:46:00 ERROR NullPointerException at PaymentService.java:88
2026-01-20 10:47:00 ERROR Request timeout
2026-01-21 10:48:00 INFO Processing scheduled batch job
2026-01-22 10:49:00 WARN Deprecated configuration key used
2026-01-23 10:50:00 INFO Application heartbeat check completed
2026-01-24 10:51:00 ERROR NullPointerException at PaymentService.java:88
2026-01-25 10:52:00 ERROR Connection refused: database unreachable
2026-01-26 10:53:00 INFO Processing scheduled batch job
2026-01-27 10:54:00 ERROR Request timeout
2026-01-28 10:55:00 INFO Processing scheduled batch job
2026-01-01 10:56:00 ERROR Connection refused: database unreachable
2026-01-02 10:57:00 INFO Processing scheduled batch job
2026-01-03 10:58:00 INFO Processing scheduled batch job
2026-01-04 10:59:00 ERROR NullPointerException at PaymentService.java:88
2026-01-05 10:00:00 ERROR NullPointerException at PaymentService.java:88
2026-01-06 10:01:00 INFO Processing scheduled batch job
2026-01-07 10:02:00 INFO Processing scheduled batch job
2026-01-08 10:03:00 ERROR Request timeout
2026-01-09 10:04:00 INFO Processing scheduled batch job
2026-01-10 10:05:00 INFO Cache refreshed successfully
2026-01-11 10:06:00 ERROR Connection refused: database unreachable
2026-01-12 10:07:00 INFO Application heartbeat check completed
2026-01-13 10:08:00 ERROR Connection refused: database unreachable
2026-01-14 10:09:00 ERROR Request timeout
2026-01-15 10:10:00 INFO Cache refreshed successfully
2026-01-16 10:11:00 ERROR Request timeout
2026-01-17 10:12:00 INFO Cache refreshed successfully
2026-01-18 10:13:00 ERROR Connection refused: database unreachable
2026-01-19 10:14:00 WARN Deprecated configuration key used
2026-01-20 10:15:00 ERROR Request timeout
2026-01-21 10:16:00 INFO Processing scheduled batch job
2026-01-22 10:17:00 WARN Slow query detected
2026-01-23 10:18:00 ERROR NullPointerException at PaymentService.java:88
2026-01-24 10:19:00 WARN Slow query detected
2026-01-25 10:20:00 ERROR Connection refused: database unreachable
2026-01-26 10:21:00 WARN Deprecated configuration key used
2026-01-27 10:22:00 INFO Processing scheduled batch job
2026-01-28 10:23:00 INFO Application heartbeat check completed
2026-01-01 10:24:00 ERROR NullPointerException at PaymentService.java:88
2026-01-02 10:25:00 ERROR Connection refused: database unreachable
2026-01-03 10:26:00 INFO Cache refreshed successfully
2026-01-04 10:27:00 INFO Application heartbeat check completed
2026-01-05 10:28:00 WARN Slow query detected
2026-01-06 10:29:00 INFO Processing scheduled batch job
2026-01-07 10:30:00 ERROR Connection refused: database unreachable
2026-01-08 10:31:00 INFO Cache refreshed successfully
2026-01-09 10:32:00 WARN Deprecated configuration key used
2026-01-10 10:33:00 WARN Slow query detected
2026-01-11 10:34:00 INFO Processing scheduled batch job
2026-01-12 10:35:00 INFO Cache refreshed successfully
2026-01-13 10:36:00 INFO Processing scheduled batch job
2026-01-14 10:37:00 WARN Slow query detected
2026-01-15 10:38:00 ERROR Request timeout
2026-01-16 10:39:00 INFO Processing scheduled batch job
2026-01-17 10:40:00 ERROR Connection refused: database unreachable
2026-01-18 10:41:00 ERROR Request timeout
2026-01-19 10:42:00 ERROR NullPointerException at PaymentService.java:88
2026-01-20 10:43:00 ERROR NullPointerException at PaymentService.java:88
2026-01-21 10:44:00 ERROR NullPointerException at PaymentService.java:88
2026-01-22 10:45:00 INFO Processing scheduled batch job
2026-01-23 10:46:00 ERROR NullPointerException at PaymentService.java:88
2026-01-24 10:47:00 ERROR Request timeout
2026-01-25 10:48:00 INFO Application heartbeat check completed
2026-01-26 10:49:00 WARN Deprecated configuration key used
2026-01-27 10:50:00 INFO Application heartbeat check completed
2026-01-28 10:51:00 INFO Cache refreshed successfully
2026-01-01 10:52:00 INFO Application heartbeat check completed
2026-01-02 10:53:00 ERROR Request timeout
2026-01-03 10:54:00 WARN Slow query detected
2026-01-04 10:55:00 WARN Deprecated configuration key used
2026-01-05 10:56:00 INFO Cache refreshed successfully
2026-01-06 10:57:00 INFO Cache refreshed successfully
2026-01-07 10:58:00 WARN Deprecated configuration key used
2026-01-08 10:59:00 INFO Processing scheduled batch job
2026-01-09 10:00:00 WARN Deprecated configuration key used
2026-01-10 10:01:00 ERROR Request timeout
2026-01-11 10:02:00 WARN Deprecated configuration key used
2026-01-12 10:03:00 WARN Slow query detected
2026-01-13 10:04:00 ERROR Request timeout
2026-01-14 10:05:00 INFO Processing scheduled batch job
2026-01-15 10:06:00 INFO Application heartbeat check completed
2026-01-16 10:07:00 WARN Slow query detected
2026-01-17 10:08:00 ERROR Connection refused: database unreachable
2026-01-18 10:09:00 ERROR Request timeout
2026-01-19 10:10:00 INFO Application heartbeat check completed
2026-01-20 10:11:00 ERROR NullPointerException at PaymentService.java:88
2026-01-21 10:12:00 INFO Cache refreshed successfully
2026-01-22 10:13:00 WARN Slow query detected
2026-01-23 10:14:00 ERROR Request timeout
2026-01-24 10:15:00 INFO Cache refreshed successfully
2026-01-25 10:16:00 INFO Processing scheduled batch job
2026-01-26 10:17:00 WARN Slow query detected
2026-01-27 10:18:00 ERROR Request timeout
2026-01-28 10:19:00 INFO Processing scheduled batch job
2026-01-01 10:20:00 INFO Application heartbeat check completed
2026-01-02 10:21:00 ERROR NullPointerException at PaymentService.java:88
2026-01-03 10:22:00 WARN Deprecated configuration key used
2026-01-04 10:23:00 ERROR NullPointerException at PaymentService.java:88
2026-01-05 10:24:00 WARN Deprecated configuration key used
2026-01-06 10:25:00 INFO Application heartbeat check completed
2026-01-07 10:26:00 ERROR NullPointerException at PaymentService.java:88
2026-01-08 10:27:00 INFO Application heartbeat check completed
2026-01-09 10:28:00 WARN Slow query detected
2026-01-10 10:29:00 ERROR NullPointerException at PaymentService.java:88
2026-01-11 10:30:00 WARN Slow query detected
2026-01-12 10:31:00 INFO Application heartbeat check completed
2026-01-13 10:32:00 INFO Processing scheduled batch job
2026-01-14 10:33:00 INFO Cache refreshed successfully
2026-01-15 10:34:00 ERROR Request timeout
2026-01-16 10:35:00 WARN Deprecated configuration key used
2026-01-17 10:36:00 INFO Processing scheduled batch job
2026-01-18 10:37:00 INFO Cache refreshed successfully
2026-01-19 10:38:00 INFO Processing scheduled batch job
2026-01-20 10:39:00 INFO Cache refreshed successfully
2026-01-21 10:40:00 INFO Cache refreshed successfully
2026-01-22 10:41:00 ERROR NullPointerException at PaymentService.java:88
2026-01-23 10:42:00 WARN Slow query detected
2026-01-24 10:43:00 INFO Processing scheduled batch job
2026-01-25 10:44:00 WARN Slow query detected
2026-01-26 10:45:00 INFO Cache refreshed successfully
2026-01-27 10:46:00 ERROR Request timeout
2026-01-28 10:47:00 INFO Cache refreshed successfully
2026-01-01 10:48:00 INFO Application heartbeat check completed
2026-01-02 10:49:00 WARN Deprecated configuration key used
2026-01-03 10:50:00 WARN Slow query detected
2026-01-04 10:51:00 WARN Deprecated configuration key used
2026-01-05 10:52:00 WARN Slow query detected
2026-01-06 10:53:00 INFO Application heartbeat check completed
2026-01-07 10:54:00 INFO Application heartbeat check completed
2026-01-08 10:55:00 WARN Slow query detected
2026-01-09 10:56:00 ERROR Request timeout
2026-01-10 10:57:00 WARN Slow query detected
2026-01-11 10:58:00 WARN Deprecated configuration key used
2026-01-12 10:59:00 ERROR NullPointerException at PaymentService.java:88
2026-01-13 10:00:00 INFO Application heartbeat check completed
2026-01-14 10:01:00 ERROR Request timeout
2026-01-15 10:02:00 INFO Processing scheduled batch job
2026-01-16 10:03:00 ERROR Connection refused: database unreachable
2026-01-17 10:04:00 ERROR Request timeout
2026-01-18 10:05:00 ERROR Connection refused: database unreachable
2026-01-19 10:06:00 INFO Cache refreshed successfully
2026-01-20 10:07:00 INFO Cache refreshed successfully
2026-01-21 10:08:00 WARN Deprecated configuration key used
2026-01-22 10:09:00 INFO Processing scheduled batch job
2026-01-23 10:10:00 INFO Processing scheduled batch job
2026-01-24 10:11:00 WARN Slow query detected
2026-01-25 10:12:00 ERROR Request timeout
2026-01-26 10:13:00 INFO Application heartbeat check completed
2026-01-27 10:14:00 ERROR NullPointerException at PaymentService.java:88
2026-01-28 10:15:00 INFO Processing scheduled batch job
2026-01-01 10:16:00 ERROR Request timeout
2026-01-02 10:17:00 WARN Slow query detected
2026-01-03 10:18:00 ERROR NullPointerException at PaymentService.java:88
2026-01-04 10:19:00 INFO Processing scheduled batch job
2026-01-05 10:20:00 INFO Cache refreshed successfully
2026-01-06 10:21:00 ERROR Connection refused: database unreachable
2026-01-07 10:22:00 ERROR Request timeout
2026-01-08 10:23:00 INFO Application heartbeat check completed
2026-01-09 10:24:00 ERROR Request timeout
2026-01-10 10:25:00 WARN Slow query detected
2026-01-11 10:26:00 ERROR Connection refused: database unreachable
2026-01-12 10:27:00 WARN Slow query detected
2026-01-13 10:28:00 ERROR Connection refused: database unreachable
2026-01-14 10:29:00 WARN Deprecated configuration key used
2026-01-15 10:30:00 INFO Processing scheduled batch job
2026-01-16 10:31:00 WARN Slow query detected
2026-01-17 10:32:00 WARN Slow query detected
2026-01-18 10:33:00 INFO Application heartbeat check completed
2026-01-19 10:34:00 ERROR Request timeout
2026-01-20 10:35:00 ERROR Connection refused: database unreachable
2026-01-21 10:36:00 INFO Cache refreshed successfully
2026-01-22 10:37:00 ERROR Connection refused: database unreachable
2026-01-23 10:38:00 ERROR NullPointerException at PaymentService.java:88
2026-01-24 10:39:00 WARN Slow query detected
2026-01-25 10:40:00 ERROR Connection refused: database unreachable
2026-01-26 10:41:00 ERROR Connection refused: database unreachable
2026-01-27 10:42:00 ERROR Connection refused: database unreachable
2026-01-28 10:43:00 INFO Processing scheduled batch job
2026-01-01 10:44:00 INFO Cache refreshed successfully
2026-01-02 10:45:00 ERROR Request timeout
2026-01-03 10:46:00 ERROR Connection refused: database unreachable
2026-01-04 10:47:00 ERROR Connection refused: database unreachable
2026-01-05 10:48:00 INFO Application heartbeat check completed
2026-01-06 10:49:00 INFO Application heartbeat check completed
2026-01-07 10:50:00 ERROR Connection refused: database unreachable
2026-01-08 10:51:00 INFO Cache refreshed successfully
2026-01-09 10:52:00 WARN Deprecated configuration key used
2026-01-10 10:53:00 WARN Deprecated configuration key used
2026-01-11 10:54:00 ERROR NullPointerException at PaymentService.java:88
2026-01-12 10:55:00 ERROR Connection refused: database unreachable
2026-01-13 10:56:00 INFO Cache refreshed successfully
2026-01-14 10:57:00 INFO Processing scheduled batch job
2026-01-15 10:58:00 WARN Deprecated configuration key used
2026-01-16 10:59:00 ERROR NullPointerException at PaymentService.java:88
2026-01-17 10:00:00 ERROR Connection refused: database unreachable
2026-01-18 10:01:00 WARN Deprecated configuration key used
2026-01-19 10:02:00 ERROR Connection refused: database unreachable
2026-01-20 10:03:00 INFO Application heartbeat check completed
2026-01-21 10:04:00 INFO Cache refreshed successfully
2026-01-22 10:05:00 INFO Application heartbeat check completed
2026-01-23 10:06:00 INFO Application heartbeat check completed
2026-01-24 10:07:00 ERROR Connection refused: database unreachable
2026-01-25 10:08:00 WARN Deprecated configuration key used
2026-01-26 10:09:00 ERROR NullPointerException at PaymentService.java:88
2026-01-27 10:10:00 INFO Processing scheduled batch job
2026-01-28 10:11:00 INFO Cache refreshed successfully
2026-01-01 10:12:00 WARN Slow query detected
2026-01-02 10:13:00 WARN Slow query detected
2026-01-03 10:14:00 ERROR Request timeout
2026-01-04 10:15:00 ERROR Connection refused: database unreachable
2026-01-05 10:16:00 WARN Slow query detected
2026-01-06 10:17:00 INFO Application heartbeat check completed
2026-01-07 10:18:00 WARN Deprecated configuration key used
2026-01-08 10:19:00 ERROR Request timeout
2026-01-09 10:20:00 WARN Slow query detected
2026-01-10 10:21:00 ERROR Request timeout
2026-01-11 10:22:00 ERROR Connection refused: database unreachable
2026-01-12 10:23:00 WARN Deprecated configuration key used
2026-01-13 10:24:00 WARN Slow query detected
2026-01-14 10:25:00 ERROR Connection refused: database unreachable
2026-01-15 10:26:00 INFO Processing scheduled batch job
2026-01-16 10:27:00 WARN Deprecated configuration key used
2026-01-17 10:28:00 ERROR Connection refused: database unreachable
2026-01-18 10:29:00 ERROR Connection refused: database unreachable
2026-01-19 10:30:00 WARN Deprecated configuration key used
2026-01-20 10:31:00 ERROR Connection refused: database unreachable
2026-01-21 10:32:00 ERROR Connection refused: database unreachable
2026-01-22 10:33:00 WARN Deprecated configuration key used
2026-01-23 10:34:00 INFO Application heartbeat check completed
2026-01-24 10:35:00 WARN Deprecated configuration key used
2026-01-25 10:36:00 ERROR Connection refused: database unreachable
2026-01-26 10:37:00 WARN Slow query detected
2026-01-27 10:38:00 ERROR NullPointerException at PaymentService.java:88
2026-01-28 10:39:00 ERROR Request timeout
2026-01-01 10:40:00 ERROR NullPointerException at PaymentService.java:88
2026-01-02 10:41:00 ERROR NullPointerException at PaymentService.java:88
2026-01-03 10:42:00 INFO Processing scheduled batch job
2026-01-04 10:43:00 INFO Cache refreshed successfully
2026-01-05 10:44:00 ERROR Connection refused: database unreachable
2026-01-06 10:45:00 INFO Cache refreshed successfully
2026-01-07 10:46:00 ERROR Request timeout
2026-01-08 10:47:00 INFO Processing scheduled batch job
2026-01-09 10:48:00 INFO Application heartbeat check completed
2026-01-10 10:49:00 INFO Processing scheduled batch job
2026-01-11 10:50:00 INFO Application heartbeat check completed
2026-01-12 10:51:00 INFO Processing scheduled batch job
2026-01-13 10:52:00 ERROR Request timeout
2026-01-14 10:53:00 ERROR NullPointerException at PaymentService.java:88
2026-01-15 10:54:00 INFO Processing scheduled batch job
2026-01-16 10:55:00 WARN Slow query detected
2026-01-17 10:56:00 ERROR Request timeout
2026-01-18 10:57:00 INFO Cache refreshed successfully
2026-01-19 10:58:00 WARN Deprecated configuration key used
2026-01-20 10:59:00 ERROR NullPointerException at PaymentService.java:88
2026-01-21 10:00:00 ERROR Request timeout
2026-01-22 10:01:00 INFO Cache refreshed successfully
2026-01-23 10:02:00 ERROR NullPointerException at PaymentService.java:88
2026-01-24 10:03:00 ERROR Request timeout
2026-01-25 10:04:00 INFO Processing scheduled batch job
2026-01-26 10:05:00 ERROR Connection refused: database unreachable
2026-01-27 10:06:00 ERROR NullPointerException at PaymentService.java:88
2026-01-28 10:07:00 WARN Slow query detected
2026-01-01 10:08:00 INFO Application heartbeat check completed
2026-01-02 10:09:00 ERROR Request timeout
2026-01-03 10:10:00 WARN Deprecated configuration key used
2026-01-04 10:11:00 ERROR Connection refused: database unreachable
2026-01-05 10:12:00 ERROR Connection refused: database unreachable
2026-01-06 10:13:00 WARN Deprecated configuration key used
2026-01-07 10:14:00 INFO Application heartbeat check completed
2026-01-08 10:15:00 ERROR Connection refused: database unreachable
2026-01-09 10:16:00 WARN Slow query detected
2026-01-10 10:17:00 INFO Application heartbeat check completed
2026-01-11 10:18:00 WARN Slow query detected
2026-01-12 10:19:00 INFO Processing scheduled batch job
2026-01-13 10:20:00 ERROR NullPointerException at PaymentService.java:88
2026-01-14 10:21:00 INFO Cache refreshed successfully
2026-01-15 10:22:00 WARN Deprecated configuration key used
2026-01-16 10:23:00 ERROR Connection refused: database unreachable
2026-01-17 10:24:00 WARN Slow query detected
2026-01-18 10:25:00 WARN Slow query detected
2026-01-19 10:26:00 ERROR Request timeout
2026-01-20 10:27:00 WARN Slow query detected
2026-01-21 10:28:00 INFO Processing scheduled batch job
2026-01-22 10:29:00 ERROR NullPointerException at PaymentService.java:88
2026-01-23 10:30:00 ERROR NullPointerException at PaymentService.java:88
2026-01-24 10:31:00 WARN Slow query detected
2026-01-25 10:32:00 ERROR NullPointerException at PaymentService.java:88
2026-01-26 10:33:00 INFO Cache refreshed successfully
2026-01-27 10:34:00 ERROR Connection refused: database unreachable
2026-01-28 10:35:00 ERROR Request timeout
2026-01-01 10:36:00 WARN Deprecated configuration key used
2026-01-02 10:37:00 ERROR NullPointerException at PaymentService.java:88
2026-01-03 10:38:00 WARN Deprecated configuration key used
2026-01-04 10:39:00 ERROR Connection refused: database unreachable
2026-01-05 10:40:00 WARN Deprecated configuration key used
2026-01-06 10:41:00 INFO Processing scheduled batch job
2026-01-07 10:42:00 ERROR NullPointerException at PaymentService.java:88
2026-01-08 10:43:00 ERROR Request timeout
2026-01-09 10:44:00 ERROR NullPointerException at PaymentService.java:88
2026-01-10 10:45:00 INFO Cache refreshed successfully
2026-01-11 10:46:00 ERROR NullPointerException at PaymentService.java:88
2026-01-12 10:47:00 ERROR Connection refused: database unreachable
2026-01-13 10:48:00 ERROR NullPointerException at PaymentService.java:88
2026-01-14 10:49:00 ERROR NullPointerException at PaymentService.java:88
2026-01-15 10:50:00 ERROR Request timeout
2026-01-16 10:51:00 ERROR Request timeout
2026-01-17 10:52:00 WARN Deprecated configuration key used
2026-01-18 10:53:00 WARN Slow query detected
2026-01-19 10:54:00 ERROR Connection refused: database unreachable
2026-01-20 10:55:00 ERROR Request timeout
2026-01-21 10:56:00 ERROR Connection refused: database unreachable
2026-01-22 10:57:00 ERROR Connection refused: database unreachable
2026-01-23 10:58:00 INFO Processing scheduled batch job
2026-01-24 10:59:00 ERROR Request timeout
2026-01-25 10:00:00 INFO Application heartbeat check completed
2026-01-26 10:01:00 INFO Processing scheduled batch job
2026-01-27 10:02:00 INFO Processing scheduled batch job
2026-01-28 10:03:00 ERROR NullPointerException at PaymentService.java:88
2026-01-01 10:04:00 ERROR NullPointerException at PaymentService.java:88
2026-01-02 10:05:00 INFO Processing scheduled batch job
2026-01-03 10:06:00 INFO Processing scheduled batch job
2026-01-04 10:07:00 WARN Deprecated configuration key used
2026-01-05 10:08:00 WARN Deprecated configuration key used
2026-01-06 10:09:00 ERROR Request timeout
2026-01-07 10:10:00 INFO Application heartbeat check completed
2026-01-08 10:11:00 ERROR Request timeout
2026-01-09 10:12:00 INFO Cache refreshed successfully
2026-01-10 10:13:00 INFO Processing scheduled batch job
2026-01-11 10:14:00 ERROR Connection refused: database unreachable
2026-01-12 10:15:00 ERROR NullPointerException at PaymentService.java:88
2026-01-13 10:16:00 ERROR Connection refused: database unreachable
2026-01-14 10:17:00 ERROR NullPointerException at PaymentService.java:88
2026-01-15 10:18:00 INFO Application heartbeat check completed
2026-01-16 10:19:00 INFO Cache refreshed successfully
2026-01-17 10:20:00 WARN Deprecated configuration key used
2026-01-18 10:21:00 ERROR NullPointerException at PaymentService.java:88
2026-01-19 10:22:00 ERROR Connection refused: database unreachable
2026-01-20 10:23:00 ERROR Request timeout
2026-01-21 10:24:00 ERROR NullPointerException at PaymentService.java:88
2026-01-22 10:25:00 INFO Application heartbeat check completed
2026-01-23 10:26:00 ERROR Request timeout
2026-01-24 10:27:00 WARN Slow query detected
2026-01-25 10:28:00 INFO Application heartbeat check completed
2026-01-26 10:29:00 INFO Application heartbeat check completed
2026-01-27 10:30:00 ERROR Request timeout
2026-01-28 10:31:00 ERROR Connection refused: database unreachable
2026-01-01 10:32:00 INFO Processing scheduled batch job
2026-01-02 10:33:00 INFO Application heartbeat check completed
2026-01-03 10:34:00 ERROR Request timeout
2026-01-04 10:35:00 ERROR Request timeout
2026-01-05 10:36:00 INFO Cache refreshed successfully
2026-01-06 10:37:00 ERROR Connection refused: database unreachable
2026-01-07 10:38:00 ERROR Request timeout
2026-01-08 10:39:00 INFO Cache refreshed successfully
2026-01-09 10:40:00 INFO Cache refreshed successfully
2026-01-10 10:41:00 WARN Deprecated configuration key used
2026-01-11 10:42:00 ERROR NullPointerException at PaymentService.java:88
2026-01-12 10:43:00 ERROR NullPointerException at PaymentService.java:88
2026-01-13 10:44:00 ERROR Connection refused: database unreachable
2026-01-14 10:45:00 INFO Application heartbeat check completed
2026-01-15 10:46:00 WARN Deprecated configuration key used
2026-01-16 10:47:00 ERROR Connection refused: database unreachable
2026-01-17 10:48:00 ERROR Request timeout
2026-01-18 10:49:00 INFO Processing scheduled batch job
2026-01-19 10:50:00 INFO Processing scheduled batch job
2026-01-20 10:51:00 ERROR NullPointerException at PaymentService.java:88
2026-01-21 10:52:00 WARN Slow query detected
2026-01-22 10:53:00 INFO Application heartbeat check completed
2026-01-23 10:54:00 INFO Application heartbeat check completed
2026-01-24 10:55:00 ERROR Connection refused: database unreachable
2026-01-25 10:56:00 INFO Cache refreshed successfully
2026-01-26 10:57:00 WARN Deprecated configuration key used
2026-01-27 10:58:00 ERROR Connection refused: database unreachable
2026-01-28 10:59:00 ERROR Connection refused: database unreachable
2026-01-01 10:00:00 WARN Deprecated configuration key used
2026-01-02 10:01:00 WARN Slow query detected
2026-01-03 10:02:00 WARN Deprecated configuration key used
2026-01-04 10:03:00 ERROR Request timeout
2026-01-05 10:04:00 ERROR Connection refused: database unreachable
2026-01-06 10:05:00 INFO Cache refreshed successfully
2026-01-07 10:06:00 INFO Cache refreshed successfully
2026-01-08 10:07:00 WARN Deprecated configuration key used
2026-01-09 10:08:00 INFO Application heartbeat check completed
2026-01-10 10:09:00 ERROR Request timeout
2026-01-11 10:10:00 ERROR Request timeout
2026-01-12 10:11:00 ERROR NullPointerException at PaymentService.java:88
2026-01-13 10:12:00 WARN Slow query detected
2026-01-14 10:13:00 WARN Slow query detected
2026-01-15 10:14:00 ERROR NullPointerException at PaymentService.java:88
2026-01-16 10:15:00 WARN Deprecated configuration key used
2026-01-17 10:16:00 INFO Application heartbeat check completed
2026-01-18 10:17:00 WARN Slow query detected
2026-01-19 10:18:00 ERROR Request timeout
2026-01-20 10:19:00 ERROR Connection refused: database unreachable
2026-01-21 10:20:00 WARN Slow query detected
2026-01-22 10:21:00 ERROR NullPointerException at PaymentService.java:88
2026-01-23 10:22:00 WARN Slow query detected
2026-01-24 10:23:00 INFO Processing scheduled batch job
2026-01-25 10:24:00 INFO Application heartbeat check completed
2026-01-26 10:25:00 WARN Deprecated configuration key used
2026-01-27 10:26:00 INFO Application heartbeat check completed
2026-01-28 10:27:00 INFO Cache refreshed successfully
2026-01-01 10:28:00 INFO Processing scheduled batch job
2026-01-02 10:29:00 INFO Application heartbeat check completed
2026-01-03 10:30:00 WARN Deprecated configuration key used
2026-01-04 10:31:00 WARN Slow query detected
2026-01-05 10:32:00 WARN Slow query detected
2026-01-06 10:33:00 INFO Cache refreshed successfully
2026-01-07 10:34:00 INFO Application heartbeat check completed
2026-01-08 10:35:00 WARN Deprecated configuration key used
2026-01-09 10:36:00 WARN Deprecated configuration key used
2026-01-10 10:37:00 INFO Application heartbeat check completed
2026-01-11 10:38:00 INFO Application heartbeat check completed
2026-01-12 10:39:00 WARN Slow query detected
2026-01-13 10:40:00 WARN Slow query detected
2026-01-14 10:41:00 INFO Application heartbeat check completed
2026-01-15 10:42:00 INFO Processing scheduled batch job
2026-01-16 10:43:00 WARN Deprecated configuration key used
2026-01-17 10:44:00 INFO Cache refreshed successfully
2026-01-18 10:45:00 ERROR NullPointerException at PaymentService.java:88
2026-01-19 10:46:00 ERROR NullPointerException at PaymentService.java:88
2026-01-20 10:47:00 ERROR NullPointerException at PaymentService.java:88
2026-01-21 10:48:00 INFO Cache refreshed successfully
2026-01-22 10:49:00 ERROR Request timeout
2026-01-23 10:50:00 INFO Application heartbeat check completed
2026-01-24 10:51:00 INFO Cache refreshed successfully
2026-01-25 10:52:00 INFO Processing scheduled batch job
2026-01-26 10:53:00 WARN Slow query detected
2026-01-27 10:54:00 ERROR Request timeout
2026-01-28 10:55:00 ERROR NullPointerException at PaymentService.java:88
2026-01-01 10:56:00 ERROR NullPointerException at PaymentService.java:88
2026-01-02 10:57:00 WARN Slow query detected
2026-01-03 10:58:00 ERROR Connection refused: database unreachable
2026-01-04 10:59:00 ERROR Connection refused: database unreachable
2026-01-05 10:00:00 WARN Slow query detected
2026-01-06 10:01:00 INFO Processing scheduled batch job
2026-01-07 10:02:00 WARN Deprecated configuration key used
2026-01-08 10:03:00 WARN Slow query detected
2026-01-09 10:04:00 INFO Processing scheduled batch job
2026-01-10 10:05:00 INFO Processing scheduled batch job
2026-01-11 10:06:00 WARN Slow query detected
2026-01-12 10:07:00 INFO Application heartbeat check completed
2026-01-13 10:08:00 ERROR Connection refused: database unreachable
2026-01-14 10:09:00 INFO Application heartbeat check completed
2026-01-15 10:10:00 WARN Slow query detected
2026-01-16 10:11:00 INFO Cache refreshed successfully
2026-01-17 10:12:00 INFO Application heartbeat check completed
2026-01-18 10:13:00 ERROR Connection refused: database unreachable
2026-01-19 10:14:00 ERROR Request timeout
2026-01-20 10:15:00 ERROR Connection refused: database unreachable
2026-01-21 10:16:00 INFO Application heartbeat check completed
2026-01-22 10:17:00 INFO Cache refreshed successfully
2026-01-23 10:18:00 ERROR Request timeout
2026-01-24 10:19:00 INFO Application heartbeat check completed
2026-01-25 10:20:00 ERROR Request timeout
2026-01-26 10:21:00 ERROR Request timeout
2026-01-27 10:22:00 INFO Cache refreshed successfully
2026-01-28 10:23:00 ERROR Request timeout
2026-01-01 10:24:00 ERROR NullPointerException at PaymentService.java:88
2026-01-02 10:25:00 WARN Deprecated configuration key used
2026-01-03 10:26:00 ERROR Connection refused: database unreachable
2026-01-04 10:27:00 ERROR NullPointerException at PaymentService.java:88
2026-01-05 10:28:00 ERROR Request timeout
2026-01-06 10:29:00 WARN Deprecated configuration key used
2026-01-07 10:30:00 WARN Deprecated configuration key used
2026-01-08 10:31:00 ERROR NullPointerException at PaymentService.java:88
2026-01-09 10:32:00 WARN Slow query detected
2026-01-10 10:33:00 INFO Application heartbeat check completed
2026-01-11 10:34:00 WARN Deprecated configuration key used
2026-01-12 10:35:00 INFO Application heartbeat check completed
2026-01-13 10:36:00 INFO Cache refreshed successfully
2026-01-14 10:37:00 INFO Cache refreshed successfully
2026-01-15 10:38:00 INFO Processing scheduled batch job
2026-01-16 10:39:00 INFO Processing scheduled batch job
2026-01-17 10:40:00 INFO Cache refreshed successfully
2026-01-18 10:41:00 WARN Slow query detected
2026-01-19 10:42:00 WARN Deprecated configuration key used
2026-01-20 10:43:00 WARN Slow query detected
2026-01-21 10:44:00 ERROR NullPointerException at PaymentService.java:88
2026-01-22 10:45:00 INFO Processing scheduled batch job
2026-01-23 10:46:00 ERROR NullPointerException at PaymentService.java:88
2026-01-24 10:47:00 INFO Application heartbeat check completed
2026-01-25 10:48:00 ERROR Connection refused: database unreachable
2026-01-26 10:49:00 WARN Deprecated configuration key used
2026-01-27 10:50:00 WARN Deprecated configuration key used
2026-01-28 10:51:00 WARN Slow query detected
2026-01-01 10:52:00 ERROR Connection refused: database unreachable
2026-01-02 10:53:00 INFO Application heartbeat check completed
2026-01-03 10:54:00 WARN Slow query detected
2026-01-04 10:55:00 INFO Processing scheduled batch job
2026-01-05 10:56:00 INFO Application heartbeat check completed
2026-01-06 10:57:00 WARN Slow query detected
2026-01-07 10:58:00 INFO Cache refreshed successfully
2026-01-08 10:59:00 ERROR Request timeout
2026-01-09 10:00:00 INFO Cache refreshed successfully
2026-01-10 10:01:00 INFO Processing scheduled batch job
2026-01-11 10:02:00 ERROR Request timeout
2026-01-12 10:03:00 ERROR Request timeout
2026-01-13 10:04:00 ERROR NullPointerException at PaymentService.java:88
2026-01-14 10:05:00 WARN Slow query detected
2026-01-15 10:06:00 INFO Cache refreshed successfully
2026-01-16 10:07:00 ERROR Connection refused: database unreachable
2026-01-17 10:08:00 INFO Processing scheduled batch job
2026-01-18 10:09:00 INFO Processing scheduled batch job
2026-01-19 10:10:00 ERROR Request timeout
2026-01-20 10:11:00 WARN Deprecated configuration key used
2026-01-21 10:12:00 INFO Cache refreshed successfully
2026-01-22 10:13:00 WARN Slow query detected
2026-01-23 10:14:00 WARN Slow query detected
2026-01-24 10:15:00 INFO Processing scheduled batch job
2026-01-25 10:16:00 ERROR Request timeout
2026-01-26 10:17:00 WARN Slow query detected
2026-01-27 10:18:00 INFO Cache refreshed successfully
2026-01-28 10:19:00 INFO Cache refreshed successfully
2026-01-01 10:20:00 ERROR Request timeout
2026-01-02 10:21:00 WARN Slow query detected
2026-01-03 10:22:00 ERROR NullPointerException at PaymentService.java:88
2026-01-04 10:23:00 INFO Cache refreshed successfully
2026-01-05 10:24:00 WARN Deprecated configuration key used
2026-01-06 10:25:00 ERROR Connection refused: database unreachable
2026-01-07 10:26:00 ERROR NullPointerException at PaymentService.java:88
2026-01-08 10:27:00 ERROR Connection refused: database unreachable
2026-01-09 10:28:00 INFO Cache refreshed successfully
2026-01-10 10:29:00 INFO Cache refreshed successfully
2026-01-11 10:30:00 INFO Cache refreshed successfully
2026-01-12 10:31:00 INFO Cache refreshed successfully
2026-01-13 10:32:00 ERROR Connection refused: database unreachable
2026-01-14 10:33:00 INFO Cache refreshed successfully
2026-01-15 10:34:00 ERROR NullPointerException at PaymentService.java:88
2026-01-16 10:35:00 ERROR Request timeout
2026-01-17 10:36:00 ERROR NullPointerException at PaymentService.java:88
2026-01-18 10:37:00 ERROR Request timeout
2026-01-19 10:38:00 INFO Application heartbeat check completed
2026-01-20 10:39:00 WARN Slow query detected
2026-01-21 10:40:00 ERROR Connection refused: database unreachable
2026-01-22 10:41:00 WARN Deprecated configuration key used
2026-01-23 10:42:00 ERROR Request timeout
2026-01-24 10:43:00 WARN Slow query detected
2026-01-25 10:44:00 ERROR Connection refused: database unreachable
2026-01-26 10:45:00 ERROR NullPointerException at PaymentService.java:88
2026-01-27 10:46:00 WARN Slow query detected
2026-01-28 10:47:00 INFO Processing scheduled batch job
2026-01-01 10:48:00 INFO Application heartbeat check completed
2026-01-02 10:49:00 WARN Deprecated configuration key used
2026-01-03 10:50:00 ERROR Request timeout
2026-01-04 10:51:00 WARN Slow query detected
2026-01-05 10:52:00 ERROR Connection refused: database unreachable
2026-01-06 10:53:00 ERROR NullPointerException at PaymentService.java:88
2026-01-07 10:54:00 WARN Deprecated configuration key used
2026-01-08 10:55:00 INFO Processing scheduled batch job
2026-01-09 10:56:00 INFO Processing scheduled batch job
2026-01-10 10:57:00 WARN Slow query detected
2026-01-11 10:58:00 WARN Deprecated configuration key used
2026-01-12 10:59:00 INFO Application heartbeat check completed
2026-01-13 10:00:00 WARN Slow query detected
2026-01-14 10:01:00 ERROR Request timeout
2026-01-15 10:02:00 ERROR Request timeout
2026-01-16 10:03:00 WARN Deprecated configuration key used
2026-01-17 10:04:00 WARN Deprecated configuration key used
2026-01-18 10:05:00 WARN Deprecated configuration key used
2026-01-19 10:06:00 WARN Deprecated configuration key used
2026-01-20 10:07:00 ERROR Request timeout
2026-01-21 10:08:00 ERROR Request timeout
2026-01-22 10:09:00 INFO Cache refreshed successfully
2026-01-23 10:10:00 INFO Processing scheduled batch job
2026-01-24 10:11:00 INFO Application heartbeat check completed
2026-01-25 10:12:00 INFO Processing scheduled batch job
2026-01-26 10:13:00 WARN Slow query detected
2026-01-27 10:14:00 INFO Application heartbeat check completed
2026-01-28 10:15:00 INFO Application heartbeat check completed
2026-01-01 10:16:00 INFO Cache refreshed successfully
2026-01-02 10:17:00 WARN Slow query detected
2026-01-03 10:18:00 INFO Application heartbeat check completed
2026-01-04 10:19:00 ERROR Connection refused: database unreachable
2026-01-05 10:20:00 WARN Slow query detected
2026-01-06 10:21:00 WARN Deprecated configuration key used
2026-01-07 10:22:00 WARN Slow query detected
2026-01-08 10:23:00 INFO Processing scheduled batch job
2026-01-09 10:24:00 WARN Deprecated configuration key used
2026-01-10 10:25:00 WARN Slow query detected
2026-01-11 10:26:00 WARN Deprecated configuration key used
2026-01-12 10:27:00 ERROR NullPointerException at PaymentService.java:88
2026-01-13 10:28:00 ERROR NullPointerException at PaymentService.java:88
2026-01-14 10:29:00 INFO Application heartbeat check completed
2026-01-15 10:30:00 INFO Cache refreshed successfully
2026-01-16 10:31:00 INFO Application heartbeat check completed
2026-01-17 10:32:00 WARN Deprecated configuration key used
2026-01-18 10:33:00 ERROR Request timeout
2026-01-19 10:34:00 ERROR NullPointerException at PaymentService.java:88
2026-01-20 10:35:00 WARN Deprecated configuration key used
2026-01-21 10:36:00 ERROR Request timeout
2026-01-22 10:37:00 INFO Application heartbeat check completed
2026-01-23 10:38:00 INFO Application heartbeat check completed
2026-01-24 10:39:00 INFO Application heartbeat check completed
2026-01-25 10:40:00 INFO Application heartbeat check completed
2026-01-26 10:41:00 INFO Application heartbeat check completed
2026-01-27 10:42:00 ERROR NullPointerException at PaymentService.java:88
2026-01-28 10:43:00 ERROR Connection refused: database unreachable
2026-01-01 10:44:00 ERROR Connection refused: database unreachable
2026-01-02 10:45:00 INFO Cache refreshed successfully
2026-01-03 10:46:00 WARN Slow query detected
2026-01-04 10:47:00 WARN Deprecated configuration key used
2026-01-05 10:48:00 WARN Deprecated configuration key used
2026-01-06 10:49:00 INFO Processing scheduled batch job
2026-01-07 10:50:00 ERROR Connection refused: database unreachable
2026-01-08 10:51:00 ERROR Connection refused: database unreachable
2026-01-09 10:52:00 ERROR Request timeout
2026-01-10 10:53:00 WARN Slow query detected
2026-01-11 10:54:00 INFO Processing scheduled batch job
2026-01-12 10:55:00 ERROR NullPointerException at PaymentService.java:88
2026-01-13 10:56:00 WARN Deprecated configuration key used
2026-01-14 10:57:00 INFO Cache refreshed successfully
2026-01-15 10:58:00 ERROR NullPointerException at PaymentService.java:88
2026-01-16 10:59:00 WARN Deprecated configuration key used
2026-01-17 10:00:00 INFO Application heartbeat check completed
2026-01-18 10:01:00 WARN Slow query detected
2026-01-19 10:02:00 ERROR Connection refused: database unreachable
2026-01-20 10:03:00 ERROR Request timeout
2026-01-21 10:04:00 ERROR Request timeout
2026-01-22 10:05:00 INFO Application heartbeat check completed
2026-01-23 10:06:00 INFO Cache refreshed successfully
2026-01-24 10:07:00 WARN Slow query detected
2026-01-25 10:08:00 WARN Deprecated configuration key used
2026-01-26 10:09:00 WARN Deprecated configuration key used
2026-01-27 10:10:00 INFO Cache refreshed successfully
2026-01-28 10:11:00 WARN Slow query detected
2026-01-01 10:12:00 WARN Slow query detected
2026-01-02 10:13:00 INFO Application heartbeat check completed
2026-01-03 10:14:00 INFO Cache refreshed successfully
2026-01-04 10:15:00 INFO Application heartbeat check completed
2026-01-05 10:16:00 INFO Cache refreshed successfully
2026-01-06 10:17:00 INFO Processing scheduled batch job
2026-01-07 10:18:00 WARN Slow query detected
2026-01-08 10:19:00 WARN Slow query detected
2026-01-09 10:20:00 WARN Slow query detected
2026-01-10 10:21:00 ERROR Request timeout
2026-01-11 10:22:00 WARN Deprecated configuration key used
2026-01-12 10:23:00 INFO Cache refreshed successfully
2026-01-13 10:24:00 INFO Processing scheduled batch job
2026-01-14 10:25:00 WARN Deprecated configuration key used
2026-01-15 10:26:00 WARN Slow query detected
2026-01-16 10:27:00 INFO Processing scheduled batch job
2026-01-17 10:28:00 INFO Cache refreshed successfully
2026-01-18 10:29:00 INFO Processing scheduled batch job
2026-01-19 10:30:00 INFO Cache refreshed successfully
2026-01-20 10:31:00 ERROR NullPointerException at PaymentService.java:88
2026-01-21 10:32:00 INFO Processing scheduled batch job
2026-01-22 10:33:00 WARN Deprecated configuration key used
2026-01-23 10:34:00 ERROR Request timeout
2026-01-24 10:35:00 ERROR Connection refused: database unreachable
2026-01-25 10:36:00 WARN Deprecated configuration key used
2026-01-26 10:37:00 INFO Processing scheduled batch job
2026-01-27 10:38:00 WARN Slow query detected
2026-01-28 10:39:00 ERROR Connection refused: database unreachable
2026-01-01 10:40:00 ERROR Connection refused: database unreachable
2026-01-02 10:41:00 INFO Cache refreshed successfully
2026-01-03 10:42:00 ERROR Connection refused: database unreachable
2026-01-04 10:43:00 INFO Cache refreshed successfully
2026-01-05 10:44:00 INFO Processing scheduled batch job
2026-01-06 10:45:00 ERROR NullPointerException at PaymentService.java:88
2026-01-07 10:46:00 ERROR NullPointerException at PaymentService.java:88
2026-01-08 10:47:00 INFO Processing scheduled batch job
2026-01-09 10:48:00 INFO Processing scheduled batch job
2026-01-10 10:49:00 ERROR Connection refused: database unreachable
2026-01-11 10:50:00 WARN Deprecated configuration key used
2026-01-12 10:51:00 INFO Cache refreshed successfully
2026-01-13 10:52:00 WARN Deprecated configuration key used
2026-01-14 10:53:00 WARN Slow query detected
2026-01-15 10:54:00 WARN Deprecated configuration key used
2026-01-16 10:55:00 ERROR NullPointerException at PaymentService.java:88
2026-01-17 10:56:00 INFO Processing scheduled batch job
2026-01-18 10:57:00 WARN Deprecated configuration key used
2026-01-19 10:58:00 ERROR NullPointerException at PaymentService.java:88
2026-01-20 10:59:00 WARN Slow query detected
2026-01-21 10:00:00 ERROR Connection refused: database unreachable
2026-01-22 10:01:00 WARN Slow query detected
2026-01-23 10:02:00 INFO Application heartbeat check completed
2026-01-24 10:03:00 INFO Application heartbeat check completed
2026-01-25 10:04:00 WARN Slow query detected
2026-01-26 10:05:00 INFO Processing scheduled batch job
2026-01-27 10:06:00 ERROR Connection refused: database unreachable
2026-01-28 10:07:00 INFO Application heartbeat check completed
2026-01-01 10:08:00 INFO Application heartbeat check completed
2026-01-02 10:09:00 ERROR Connection refused: database unreachable
2026-01-03 10:10:00 ERROR NullPointerException at PaymentService.java:88
2026-01-04 10:11:00 ERROR NullPointerException at PaymentService.java:88
2026-01-05 10:12:00 INFO Cache refreshed successfully
2026-01-06 10:13:00 ERROR NullPointerException at PaymentService.java:88
2026-01-07 10:14:00 WARN Deprecated configuration key used
2026-01-08 10:15:00 INFO Cache refreshed successfully
2026-01-09 10:16:00 ERROR Connection refused: database unreachable
2026-01-10 10:17:00 ERROR NullPointerException at PaymentService.java:88
2026-01-11 10:18:00 INFO Application heartbeat check completed
2026-01-12 10:19:00 ERROR NullPointerException at PaymentService.java:88
2026-01-13 10:20:00 ERROR Request timeout
2026-01-14 10:21:00 INFO Cache refreshed successfully
2026-01-15 10:22:00 WARN Slow query detected
2026-01-16 10:23:00 INFO Processing scheduled batch job
2026-01-17 10:24:00 INFO Processing scheduled batch job
2026-01-18 10:25:00 ERROR NullPointerException at PaymentService.java:88
2026-01-19 10:26:00 ERROR Request timeout
2026-01-20 10:27:00 ERROR Request timeout
2026-01-21 10:28:00 INFO Processing scheduled batch job
2026-01-22 10:29:00 ERROR NullPointerException at PaymentService.java:88
2026-01-23 10:30:00 INFO Processing scheduled batch job
2026-01-24 10:31:00 WARN Deprecated configuration key used
2026-01-25 10:32:00 INFO Cache refreshed successfully
2026-01-26 10:33:00 INFO Processing scheduled batch job
2026-01-27 10:34:00 INFO Cache refreshed successfully
2026-01-28 10:35:00 ERROR Connection refused: database unreachable
2026-01-01 10:36:00 ERROR Connection refused: database unreachable
2026-01-02 10:37:00 ERROR Request timeout
2026-01-03 10:38:00 WARN Slow query detected
2026-01-04 10:39:00 INFO Processing scheduled batch job
2026-01-05 10:40:00 ERROR Connection refused: database unreachable
2026-01-06 10:41:00 ERROR NullPointerException at PaymentService.java:88
2026-01-07 10:42:00 ERROR NullPointerException at PaymentService.java:88
2026-01-08 10:43:00 WARN Slow query detected
2026-01-09 10:44:00 ERROR Connection refused: database unreachable
2026-01-10 10:45:00 ERROR NullPointerException at PaymentService.java:88
2026-01-11 10:46:00 WARN Slow query detected
2026-01-12 10:47:00 ERROR Request timeout
2026-01-13 10:48:00 ERROR Connection refused: database unreachable
2026-01-14 10:49:00 WARN Deprecated configuration key used
2026-01-15 10:50:00 INFO Processing scheduled batch job
2026-01-16 10:51:00 ERROR Connection refused: database unreachable
2026-01-17 10:52:00 INFO Application heartbeat check completed
2026-01-18 10:53:00 ERROR Request timeout
2026-01-19 10:54:00 ERROR Connection refused: database unreachable
2026-01-20 10:55:00 WARN Deprecated configuration key used
2026-01-21 10:56:00 ERROR Request timeout
2026-01-22 10:57:00 ERROR Connection refused: database unreachable
2026-01-23 10:58:00 ERROR NullPointerException at PaymentService.java:88
2026-01-24 10:59:00 WARN Deprecated configuration key used
2026-01-25 10:00:00 ERROR Connection refused: database unreachable
2026-01-26 10:01:00 INFO Application heartbeat check completed
2026-01-27 10:02:00 INFO Cache refreshed successfully
2026-01-28 10:03:00 ERROR NullPointerException at PaymentService.java:88
2026-01-01 10:04:00 ERROR Connection refused: database unreachable
2026-01-02 10:05:00 WARN Deprecated configuration key used
2026-01-03 10:06:00 ERROR Connection refused: database unreachable
2026-01-04 10:07:00 ERROR Connection refused: database unreachable
2026-01-05 10:08:00 INFO Application heartbeat check completed
2026-01-06 10:09:00 WARN Deprecated configuration key used
2026-01-07 10:10:00 INFO Application heartbeat check completed
2026-01-08 10:11:00 ERROR Request timeout
2026-01-09 10:12:00 ERROR Connection refused: database unreachable
2026-01-10 10:13:00 ERROR Request timeout
2026-01-11 10:14:00 INFO Application heartbeat check completed
2026-01-12 10:15:00 ERROR Request timeout
2026-01-13 10:16:00 ERROR Connection refused: database unreachable
2026-01-14 10:17:00 ERROR Connection refused: database unreachable
2026-01-15 10:18:00 ERROR Request timeout
2026-01-16 10:19:00 INFO Application heartbeat check completed
2026-01-17 10:20:00 ERROR Request timeout
2026-01-18 10:21:00 ERROR Connection refused: database unreachable
2026-01-19 10:22:00 WARN Slow query detected
2026-01-20 10:23:00 WARN Slow query detected
2026-01-21 10:24:00 WARN Slow query detected
2026-01-22 10:25:00 WARN Slow query detected
2026-01-23 10:26:00 WARN Slow query detected
2026-01-24 10:27:00 INFO Cache refreshed successfully
2026-01-25 10:28:00 WARN Deprecated configuration key used
2026-01-26 10:29:00 ERROR NullPointerException at PaymentService.java:88
2026-01-27 10:30:00 ERROR Connection refused: database unreachable
2026-01-28 10:31:00 INFO Cache refreshed successfully
2026-01-01 10:32:00 ERROR Request timeout
2026-01-02 10:33:00 WARN Deprecated configuration key used
2026-01-03 10:34:00 INFO Processing scheduled batch job
2026-01-04 10:35:00 INFO Cache refreshed successfully
2026-01-05 10:36:00 ERROR Request timeout
2026-01-06 10:37:00 INFO Application heartbeat check completed
2026-01-07 10:38:00 ERROR NullPointerException at PaymentService.java:88
2026-01-08 10:39:00 WARN Deprecated configuration key used
2026-01-09 10:40:00 INFO Cache refreshed successfully
2026-01-10 10:41:00 ERROR Connection refused: database unreachable
2026-01-11 10:42:00 INFO Cache refreshed successfully
2026-01-12 10:43:00 WARN Deprecated configuration key used
2026-01-13 10:44:00 ERROR Connection refused: database unreachable
2026-01-14 10:45:00 INFO Processing scheduled batch job
2026-01-15 10:46:00 WARN Slow query detected
2026-01-16 10:47:00 ERROR Connection refused: database unreachable
2026-01-17 10:48:00 INFO Processing scheduled batch job
2026-01-18 10:49:00 INFO Processing scheduled batch job
2026-01-19 10:50:00 ERROR Connection refused: database unreachable
2026-01-20 10:51:00 ERROR NullPointerException at PaymentService.java:88
2026-01-21 10:52:00 INFO Processing scheduled batch job
2026-01-22 10:53:00 ERROR NullPointerException at PaymentService.java:88
2026-01-23 10:54:00 WARN Slow query detected
2026-01-24 10:55:00 ERROR NullPointerException at PaymentService.java:88
2026-01-25 10:56:00 WARN Slow query detected
2026-01-26 10:57:00 INFO Cache refreshed successfully
2026-01-27 10:58:00 ERROR Connection refused: database unreachable
2026-01-28 10:59:00 ERROR NullPointerException at PaymentService.java:88
2026-01-01 10:00:00 WARN Deprecated configuration key used
2026-01-02 10:01:00 ERROR NullPointerException at PaymentService.java:88
2026-01-03 10:02:00 INFO Application heartbeat check completed
2026-01-04 10:03:00 INFO Cache refreshed successfully
2026-01-05 10:04:00 INFO Application heartbeat check completed
2026-01-06 10:05:00 INFO Application heartbeat check completed
2026-01-07 10:06:00 INFO Application heartbeat check completed
2026-01-08 10:07:00 WARN Deprecated configuration key used
2026-01-09 10:08:00 INFO Application heartbeat check completed
2026-01-10 10:09:00 ERROR Request timeout
2026-01-11 10:10:00 WARN Deprecated configuration key used
2026-01-12 10:11:00 INFO Application heartbeat check completed
2026-01-13 10:12:00 INFO Application heartbeat check completed
2026-01-14 10:13:00 ERROR Request timeout
2026-01-15 10:14:00 INFO Processing scheduled batch job
2026-01-16 10:15:00 WARN Slow query detected
2026-01-17 10:16:00 INFO Application heartbeat check completed
2026-01-18 10:17:00 ERROR Request timeout
2026-01-19 10:18:00 ERROR Connection refused: database unreachable
2026-01-20 10:19:00 ERROR NullPointerException at PaymentService.java:88
2026-01-21 10:20:00 ERROR Request timeout
2026-01-22 10:21:00 ERROR NullPointerException at PaymentService.java:88
2026-01-23 10:22:00 ERROR Connection refused: database unreachable
2026-01-24 10:23:00 ERROR Request timeout
2026-01-25 10:24:00 WARN Deprecated configuration key used
2026-01-26 10:25:00 ERROR NullPointerException at PaymentService.java:88
2026-01-27 10:26:00 INFO Application heartbeat check completed
2026-01-28 10:27:00 WARN Deprecated configuration key used
2026-01-01 10:28:00 INFO Application heartbeat check completed
2026-01-02 10:29:00 WARN Deprecated configuration key used
2026-01-03 10:30:00 ERROR Connection refused: database unreachable
2026-01-04 10:31:00 ERROR Request timeout
2026-01-05 10:32:00 ERROR NullPointerException at PaymentService.java:88
2026-01-06 10:33:00 ERROR Request timeout
2026-01-07 10:34:00 INFO Application heartbeat check completed
2026-01-08 10:35:00 INFO Processing scheduled batch job
2026-01-09 10:36:00 INFO Application heartbeat check completed
2026-01-10 10:37:00 INFO Application heartbeat check completed
2026-01-11 10:38:00 WARN Deprecated configuration key used
2026-01-12 10:39:00 WARN Deprecated configuration key used
2026-01-13 10:40:00 INFO Application heartbeat check completed
2026-01-14 10:41:00 ERROR Connection refused: database unreachable
2026-01-15 10:42:00 WARN Slow query detected
2026-01-16 10:43:00 ERROR NullPointerException at PaymentService.java:88
2026-01-17 10:44:00 ERROR Connection refused: database unreachable
2026-01-18 10:45:00 INFO Application heartbeat check completed
2026-01-19 10:46:00 ERROR NullPointerException at PaymentService.java:88
2026-01-20 10:47:00 INFO Cache refreshed successfully
2026-01-21 10:48:00 INFO Application heartbeat check completed
2026-01-22 10:49:00 INFO Application heartbeat check completed
2026-01-23 10:50:00 ERROR NullPointerException at PaymentService.java:88
2026-01-24 10:51:00 INFO Cache refreshed successfully
2026-01-25 10:52:00 WARN Slow query detected
2026-01-26 10:53:00 WARN Slow query detected
2026-01-27 10:54:00 INFO Application heartbeat check completed
2026-01-28 10:55:00 INFO Cache refreshed successfully
2026-01-01 10:56:00 ERROR Connection refused: database unreachable
2026-01-02 10:57:00 WARN Deprecated configuration key used
2026-01-03 10:58:00 ERROR Connection refused: database unreachable
2026-01-04 10:59:00 INFO Cache refreshed successfully
2026-01-05 10:00:00 INFO Cache refreshed successfully
2026-01-06 10:01:00 ERROR NullPointerException at PaymentService.java:88
2026-01-07 10:02:00 INFO Cache refreshed successfully
2026-01-08 10:03:00 INFO Processing scheduled batch job
2026-01-09 10:04:00 ERROR Connection refused: database unreachable
2026-01-10 10:05:00 ERROR Request timeout
2026-01-11 10:06:00 ERROR Connection refused: database unreachable
2026-01-12 10:07:00 ERROR Connection refused: database unreachable
2026-01-13 10:08:00 INFO Application heartbeat check completed
2026-01-14 10:09:00 ERROR Connection refused: database unreachable
2026-01-15 10:10:00 INFO Application heartbeat check completed
2026-01-16 10:11:00 ERROR Request timeout
2026-01-17 10:12:00 ERROR Connection refused: database unreachable
2026-01-18 10:13:00 INFO Processing scheduled batch job
2026-01-19 10:14:00 WARN Slow query detected
2026-01-20 10:15:00 ERROR NullPointerException at PaymentService.java:88
2026-01-21 10:16:00 ERROR Request timeout
2026-01-22 10:17:00 ERROR Request timeout
2026-01-23 10:18:00 WARN Slow query detected
2026-01-24 10:19:00 WARN Slow query detected
2026-01-25 10:20:00 INFO Application heartbeat check completed
2026-01-26 10:21:00 INFO Application heartbeat check completed
2026-01-27 10:22:00 WARN Deprecated configuration key used
2026-01-28 10:23:00 ERROR Request timeout
2026-01-01 10:24:00 WARN Slow query detected
2026-01-02 10:25:00 ERROR Connection refused: database unreachable
2026-01-03 10:26:00 WARN Deprecated configuration key used
2026-01-04 10:27:00 ERROR Request timeout
2026-01-05 10:28:00 INFO Application heartbeat check completed
2026-01-06 10:29:00 INFO Application heartbeat check completed
2026-01-07 10:30:00 WARN Deprecated configuration key used
2026-01-08 10:31:00 INFO Processing scheduled batch job
2026-01-09 10:32:00 INFO Processing scheduled batch job
2026-01-10 10:33:00 INFO Processing scheduled batch job
2026-01-11 10:34:00 WARN Deprecated configuration key used
2026-01-12 10:35:00 WARN Deprecated configuration key used
2026-01-13 10:36:00 INFO Processing scheduled batch job
2026-01-14 10:37:00 ERROR NullPointerException at PaymentService.java:88
2026-01-15 10:38:00 INFO Application heartbeat check completed
2026-01-16 10:39:00 ERROR Connection refused: database unreachable
2026-01-17 10:40:00 ERROR Connection refused: database unreachable
2026-01-18 10:41:00 ERROR NullPointerException at PaymentService.java:88
2026-01-19 10:42:00 INFO Cache refreshed successfully
2026-01-20 10:43:00 INFO Processing scheduled batch job
2026-01-21 10:44:00 INFO Cache refreshed successfully
2026-01-22 10:45:00 ERROR Request timeout
2026-01-23 10:46:00 ERROR Request timeout
2026-01-24 10:47:00 WARN Deprecated configuration key used
2026-01-25 10:48:00 ERROR Connection refused: database unreachable
2026-01-26 10:49:00 INFO Cache refreshed successfully
2026-01-27 10:50:00 ERROR NullPointerException at PaymentService.java:88
2026-01-28 10:51:00 ERROR NullPointerException at PaymentService.java:88
2026-01-01 10:52:00 INFO Cache refreshed successfully
2026-01-02 10:53:00 ERROR Connection refused: database unreachable
2026-01-03 10:54:00 WARN Deprecated configuration key used
2026-01-04 10:55:00 ERROR Connection refused: database unreachable
2026-01-05 10:56:00 INFO Processing scheduled batch job
2026-01-06 10:57:00 INFO Processing scheduled batch job
2026-01-07 10:58:00 WARN Deprecated configuration key used
2026-01-08 10:59:00 ERROR Request timeout
2026-01-09 10:00:00 INFO Cache refreshed successfully
2026-01-10 10:01:00 INFO Application heartbeat check completed
2026-01-11 10:02:00 ERROR Request timeout
2026-01-12 10:03:00 ERROR NullPointerException at PaymentService.java:88
2026-01-13 10:04:00 WARN Deprecated configuration key used
2026-01-14 10:05:00 ERROR Connection refused: database unreachable
2026-01-15 10:06:00 ERROR NullPointerException at PaymentService.java:88
2026-01-16 10:07:00 INFO Processing scheduled batch job
2026-01-17 10:08:00 ERROR Request timeout
2026-01-18 10:09:00 WARN Slow query detected
2026-01-19 10:10:00 WARN Slow query detected
2026-01-20 10:11:00 WARN Deprecated configuration key used
2026-01-21 10:12:00 WARN Deprecated configuration key used
2026-01-22 10:13:00 INFO Application heartbeat check completed
2026-01-23 10:14:00 ERROR Connection refused: database unreachable
2026-01-24 10:15:00 WARN Slow query detected
2026-01-25 10:16:00 ERROR Request timeout
2026-01-26 10:17:00 WARN Slow query detected
2026-01-27 10:18:00 ERROR Request timeout
2026-01-28 10:19:00 INFO Cache refreshed successfully
2026-01-01 10:20:00 WARN Slow query detected
2026-01-02 10:21:00 ERROR Connection refused: database unreachable
2026-01-03 10:22:00 ERROR Connection refused: database unreachable
2026-01-04 10:23:00 ERROR NullPointerException at PaymentService.java:88
2026-01-05 10:24:00 INFO Cache refreshed successfully
2026-01-06 10:25:00 ERROR NullPointerException at PaymentService.java:88
2026-01-07 10:26:00 ERROR Connection refused: database unreachable
2026-01-08 10:27:00 WARN Deprecated configuration key used
2026-01-09 10:28:00 INFO Cache refreshed successfully
2026-01-10 10:29:00 WARN Deprecated configuration key used
2026-01-11 10:30:00 ERROR Connection refused: database unreachable
2026-01-12 10:31:00 WARN Deprecated configuration key used
2026-01-13 10:32:00 ERROR Request timeout
2026-01-14 10:33:00 WARN Slow query detected
2026-01-15 10:34:00 ERROR Request timeout
2026-01-16 10:35:00 WARN Slow query detected
2026-01-17 10:36:00 WARN Deprecated configuration key used
2026-01-18 10:37:00 INFO Cache refreshed successfully
2026-01-19 10:38:00 INFO Processing scheduled batch job
2026-01-20 10:39:00 ERROR Request timeout
2026-01-21 10:40:00 INFO Processing scheduled batch job
2026-01-22 10:41:00 ERROR NullPointerException at PaymentService.java:88
2026-01-23 10:42:00 ERROR NullPointerException at PaymentService.java:88
2026-01-24 10:43:00 ERROR NullPointerException at PaymentService.java:88
2026-01-25 10:44:00 WARN Deprecated configuration key used
2026-01-26 10:45:00 WARN Slow query detected
2026-01-27 10:46:00 INFO Cache refreshed successfully
2026-01-28 10:47:00 INFO Cache refreshed successfully
2026-01-01 10:48:00 WARN Slow query detected
2026-01-02 10:49:00 INFO Application heartbeat check completed
2026-01-03 10:50:00 ERROR Request timeout
2026-01-04 10:51:00 INFO Application heartbeat check completed
2026-01-05 10:52:00 ERROR Request timeout
2026-01-06 10:53:00 ERROR Connection refused: database unreachable
2026-01-07 10:54:00 ERROR Request timeout
2026-01-08 10:55:00 INFO Application heartbeat check completed
2026-01-09 10:56:00 INFO Processing scheduled batch job
2026-01-10 10:57:00 WARN Slow query detected
2026-01-11 10:58:00 ERROR Request timeout
2026-01-12 10:59:00 WARN Slow query detected
2026-01-13 10:00:00 ERROR Connection refused: database unreachable
2026-01-14 10:01:00 INFO Cache refreshed successfully
2026-01-15 10:02:00 INFO Application heartbeat check completed
2026-01-16 10:03:00 WARN Slow query detected
2026-01-17 10:04:00 WARN Slow query detected
2026-01-18 10:05:00 INFO Application heartbeat check completed
2026-01-19 10:06:00 INFO Application heartbeat check completed
2026-01-20 10:07:00 INFO Processing scheduled batch job
2026-01-21 10:08:00 ERROR NullPointerException at PaymentService.java:88
2026-01-22 10:09:00 WARN Slow query detected
2026-01-23 10:10:00 WARN Slow query detected
2026-01-24 10:11:00 INFO Processing scheduled batch job
2026-01-25 10:12:00 INFO Cache refreshed successfully
2026-01-26 10:13:00 INFO Cache refreshed successfully
2026-01-27 10:14:00 ERROR Request timeout
2026-01-28 10:15:00 ERROR Connection refused: database unreachable
2026-01-01 10:16:00 INFO Processing scheduled batch job
2026-01-02 10:17:00 INFO Processing scheduled batch job
2026-01-03 10:18:00 ERROR Request timeout
2026-01-04 10:19:00 ERROR Request timeout
2026-01-05 10:20:00 WARN Slow query detected
2026-01-06 10:21:00 WARN Slow query detected
2026-01-07 10:22:00 WARN Deprecated configuration key used
2026-01-08 10:23:00 ERROR NullPointerException at PaymentService.java:88
2026-01-09 10:24:00 ERROR Request timeout
2026-01-10 10:25:00 WARN Slow query detected
2026-01-11 10:26:00 ERROR NullPointerException at PaymentService.java:88
2026-01-12 10:27:00 INFO Cache refreshed successfully
2026-01-13 10:28:00 INFO Processing scheduled batch job
2026-01-14 10:29:00 WARN Slow query detected
2026-01-15 10:30:00 WARN Deprecated configuration key used
2026-01-16 10:31:00 INFO Processing scheduled batch job
2026-01-17 10:32:00 INFO Application heartbeat check completed
2026-01-18 10:33:00 WARN Deprecated configuration key used
2026-01-19 10:34:00 ERROR NullPointerException at PaymentService.java:88
2026-01-20 10:35:00 WARN Deprecated configuration key used
2026-01-21 10:36:00 INFO Processing scheduled batch job
2026-01-22 10:37:00 ERROR Connection refused: database unreachable
2026-01-23 10:38:00 INFO Cache refreshed successfully
2026-01-24 10:39:00 ERROR NullPointerException at PaymentService.java:88
2026-01-25 10:40:00 ERROR Connection refused: database unreachable
2026-01-26 10:41:00 WARN Deprecated configuration key used
2026-01-27 10:42:00 WARN Slow query detected
2026-01-28 10:43:00 INFO Application heartbeat check completed
2026-01-01 10:44:00 INFO Cache refreshed successfully
2026-01-02 10:45:00 INFO Application heartbeat check completed
2026-01-03 10:46:00 ERROR Connection refused: database unreachable
2026-01-04 10:47:00 INFO Application heartbeat check completed
2026-01-05 10:48:00 INFO Application heartbeat check completed
2026-01-06 10:49:00 INFO Application heartbeat check completed
2026-01-07 10:50:00 ERROR Request timeout
2026-01-08 10:51:00 ERROR Connection refused: database unreachable
2026-01-09 10:52:00 INFO Cache refreshed successfully
2026-01-10 10:53:00 WARN Slow query detected
2026-01-11 10:54:00 WARN Slow query detected
2026-01-12 10:55:00 WARN Deprecated configuration key used
2026-01-13 10:56:00 INFO Processing scheduled batch job
2026-01-14 10:57:00 INFO Application heartbeat check completed
2026-01-15 10:58:00 INFO Processing scheduled batch job
2026-01-16 10:59:00 ERROR Connection refused: database unreachable
2026-01-17 10:00:00 ERROR NullPointerException at PaymentService.java:88
2026-01-18 10:01:00 ERROR Request timeout
2026-01-19 10:02:00 ERROR Connection refused: database unreachable
2026-01-20 10:03:00 ERROR Request timeout
2026-01-21 10:04:00 INFO Cache refreshed successfully
2026-01-22 10:05:00 INFO Application heartbeat check completed
2026-01-23 10:06:00 INFO Application heartbeat check completed
2026-01-24 10:07:00 INFO Processing scheduled batch job
2026-01-25 10:08:00 ERROR NullPointerException at PaymentService.java:88
2026-01-26 10:09:00 WARN Deprecated configuration key used
2026-01-27 10:10:00 ERROR Connection refused: database unreachable
2026-01-28 10:11:00 ERROR Request timeout
2026-01-01 10:12:00 INFO Processing scheduled batch job
2026-01-02 10:13:00 ERROR Connection refused: database unreachable
2026-01-03 10:14:00 INFO Application heartbeat check completed
2026-01-04 10:15:00 WARN Slow query detected
2026-01-05 10:16:00 ERROR NullPointerException at PaymentService.java:88
2026-01-06 10:17:00 INFO Cache refreshed successfully
2026-01-07 10:18:00 ERROR NullPointerException at PaymentService.java:88
2026-01-08 10:19:00 WARN Deprecated configuration key used
2026-01-09 10:20:00 INFO Cache refreshed successfully
2026-01-10 10:21:00 INFO Application heartbeat check completed
2026-01-11 10:22:00 INFO Processing scheduled batch job
2026-01-12 10:23:00 ERROR NullPointerException at PaymentService.java:88
2026-01-13 10:24:00 INFO Application heartbeat check completed
2026-01-14 10:25:00 INFO Processing scheduled batch job
2026-01-15 10:26:00 WARN Slow query detected
2026-01-16 10:27:00 ERROR NullPointerException at PaymentService.java:88
2026-01-17 10:28:00 INFO Application heartbeat check completed
2026-01-18 10:29:00 INFO Processing scheduled batch job
2026-01-19 10:30:00 ERROR Request timeout
2026-01-20 10:31:00 WARN Deprecated configuration key used
2026-01-21 10:32:00 INFO Processing scheduled batch job
2026-01-22 10:33:00 ERROR Connection refused: database unreachable
2026-01-23 10:34:00 WARN Slow query detected
2026-01-24 10:35:00 WARN Slow query detected
2026-01-25 10:36:00 INFO Application heartbeat check completed
2026-01-26 10:37:00 ERROR NullPointerException at PaymentService.java:88
2026-01-27 10:38:00 ERROR Request timeout
2026-01-28 10:39:00 INFO Processing scheduled batch job
2026-01-01 10:40:00 INFO Application heartbeat check completed
2026-01-02 10:41:00 INFO Cache refreshed successfully
2026-01-03 10:42:00 INFO Application heartbeat check completed
2026-01-04 10:43:00 WARN Slow query detected
2026-01-05 10:44:00 INFO Processing scheduled batch job
2026-01-06 10:45:00 INFO Processing scheduled batch job
2026-01-07 10:46:00 ERROR Request timeout
2026-01-08 10:47:00 WARN Deprecated configuration key used
2026-01-09 10:48:00 ERROR Request timeout
2026-01-10 10:49:00 ERROR Request timeout
2026-01-11 10:50:00 INFO Cache refreshed successfully
2026-01-12 10:51:00 ERROR NullPointerException at PaymentService.java:88
2026-01-13 10:52:00 INFO Cache refreshed successfully
2026-01-14 10:53:00 INFO Cache refreshed successfully
2026-01-15 10:54:00 INFO Cache refreshed successfully
2026-01-16 10:55:00 ERROR NullPointerException at PaymentService.java:88
2026-01-17 10:56:00 ERROR NullPointerException at PaymentService.java:88
2026-01-18 10:57:00 INFO Cache refreshed successfully
2026-01-19 10:58:00 WARN Deprecated configuration key used
2026-01-20 10:59:00 ERROR Connection refused: database unreachable
2026-01-21 10:00:00 ERROR NullPointerException at PaymentService.java:88
2026-01-22 10:01:00 ERROR Connection refused: database unreachable
2026-01-23 10:02:00 INFO Processing scheduled batch job
2026-01-24 10:03:00 INFO Processing scheduled batch job
2026-01-25 10:04:00 ERROR Request timeout
2026-01-26 10:05:00 INFO Application heartbeat check completed
2026-01-27 10:06:00 WARN Deprecated configuration key used
2026-01-28 10:07:00 ERROR Request timeout
2026-01-01 10:08:00 WARN Deprecated configuration key used
2026-01-02 10:09:00 ERROR Request timeout
2026-01-03 10:10:00 ERROR NullPointerException at PaymentService.java:88
2026-01-04 10:11:00 ERROR Request timeout
2026-01-05 10:12:00 INFO Application heartbeat check completed
2026-01-06 10:13:00 INFO Application heartbeat check completed
2026-01-07 10:14:00 WARN Slow query detected
2026-01-08 10:15:00 WARN Deprecated configuration key used
2026-01-09 10:16:00 INFO Cache refreshed successfully
2026-01-10 10:17:00 INFO Cache refreshed successfully
2026-01-11 10:18:00 ERROR NullPointerException at PaymentService.java:88
2026-01-12 10:19:00 WARN Deprecated configuration key used
2026-01-13 10:20:00 ERROR Request timeout
2026-01-14 10:21:00 ERROR Connection refused: database unreachable
2026-01-15 10:22:00 INFO Application heartbeat check completed
2026-01-16 10:23:00 WARN Deprecated configuration key used
2026-01-17 10:24:00 ERROR Request timeout
2026-01-18 10:25:00 WARN Deprecated configuration key used
2026-01-19 10:26:00 WARN Deprecated configuration key used
2026-01-20 10:27:00 INFO Application heartbeat check completed
2026-01-21 10:28:00 INFO Processing scheduled batch job
2026-01-22 10:29:00 ERROR Request timeout
2026-01-23 10:30:00 INFO Processing scheduled batch job
2026-01-24 10:31:00 WARN Slow query detected
2026-01-25 10:32:00 INFO Cache refreshed successfully
2026-01-26 10:33:00 ERROR NullPointerException at PaymentService.java:88
2026-01-27 10:34:00 ERROR NullPointerException at PaymentService.java:88
2026-01-28 10:35:00 ERROR NullPointerException at PaymentService.java:88
2026-01-01 10:36:00 ERROR Connection refused: database unreachable
2026-01-02 10:37:00 WARN Slow query detected
2026-01-03 10:38:00 INFO Application heartbeat check completed
2026-01-04 10:39:00 ERROR Request timeout
2026-01-05 10:40:00 INFO Cache refreshed successfully
2026-01-06 10:41:00 INFO Application heartbeat check completed
2026-01-07 10:42:00 INFO Processing scheduled batch job
2026-01-08 10:43:00 INFO Cache refreshed successfully
2026-01-09 10:44:00 ERROR Connection refused: database unreachable
2026-01-10 10:45:00 ERROR Connection refused: database unreachable
2026-01-11 10:46:00 WARN Deprecated configuration key used
2026-01-12 10:47:00 ERROR NullPointerException at PaymentService.java:88
2026-01-13 10:48:00 ERROR NullPointerException at PaymentService.java:88
2026-01-14 10:49:00 ERROR NullPointerException at PaymentService.java:88
2026-01-15 10:50:00 ERROR Connection refused: database unreachable
2026-01-16 10:51:00 INFO Application heartbeat check completed
2026-01-17 10:52:00 INFO Cache refreshed successfully
2026-01-18 10:53:00 INFO Application heartbeat check completed
2026-01-19 10:54:00 INFO Processing scheduled batch job
2026-01-20 10:55:00 INFO Cache refreshed successfully
2026-01-21 10:56:00 ERROR NullPointerException at PaymentService.java:88
2026-01-22 10:57:00 ERROR Request timeout
2026-01-23 10:58:00 ERROR Connection refused: database unreachable
2026-01-24 10:59:00 WARN Deprecated configuration key used
2026-01-25 10:00:00 ERROR Request timeout
2026-01-26 10:01:00 INFO Application heartbeat check completed
2026-01-27 10:02:00 ERROR Connection refused: database unreachable
2026-01-28 10:03:00 INFO Cache refreshed successfully
2026-01-01 10:04:00 ERROR NullPointerException at PaymentService.java:88
2026-01-02 10:05:00 WARN Deprecated configuration key used
2026-01-03 10:06:00 ERROR Request timeout
2026-01-04 10:07:00 INFO Cache refreshed successfully
2026-01-05 10:08:00 INFO Cache refreshed successfully
2026-01-06 10:09:00 WARN Deprecated configuration key used
2026-01-07 10:10:00 INFO Processing scheduled batch job
2026-01-08 10:11:00 ERROR Request timeout
2026-01-09 10:12:00 WARN Deprecated configuration key used
2026-01-10 10:13:00 WARN Deprecated configuration key used
2026-01-11 10:14:00 ERROR Request timeout
2026-01-12 10:15:00 INFO Processing scheduled batch job
2026-01-13 10:16:00 INFO Application heartbeat check completed
2026-01-14 10:17:00 ERROR NullPointerException at PaymentService.java:88
2026-01-15 10:18:00 WARN Slow query detected
2026-01-16 10:19:00 ERROR NullPointerException at PaymentService.java:88
2026-01-17 10:20:00 WARN Deprecated configuration key used
2026-01-18 10:21:00 ERROR NullPointerException at PaymentService.java:88
2026-01-19 10:22:00 INFO Application heartbeat check completed
2026-01-20 10:23:00 INFO Processing scheduled batch job
2026-01-21 10:24:00 WARN Deprecated configuration key used
2026-01-22 10:25:00 INFO Application heartbeat check completed
2026-01-23 10:26:00 WARN Slow query detected
2026-01-24 10:27:00 WARN Deprecated configuration key used
2026-01-25 10:28:00 INFO Cache refreshed successfully
2026-01-26 10:29:00 WARN Deprecated configuration key used
2026-01-27 10:30:00 INFO Cache refreshed successfully
2026-01-28 10:31:00 ERROR Request timeout
2026-01-01 10:32:00 WARN Deprecated configuration key used
2026-01-02 10:33:00 WARN Slow query detected
2026-01-03 10:34:00 INFO Cache refreshed successfully
2026-01-04 10:35:00 ERROR NullPointerException at PaymentService.java:88
2026-01-05 10:36:00 ERROR Request timeout
2026-01-06 10:37:00 INFO Processing scheduled batch job
2026-01-07 10:38:00 INFO Processing scheduled batch job
2026-01-08 10:39:00 INFO Processing scheduled batch job
2026-01-09 10:40:00 INFO Application heartbeat check completed
2026-01-10 10:41:00 ERROR NullPointerException at PaymentService.java:88
2026-01-11 10:42:00 ERROR Request timeout
2026-01-12 10:43:00 ERROR NullPointerException at PaymentService.java:88
2026-01-13 10:44:00 INFO Application heartbeat check completed
2026-01-14 10:45:00 INFO Processing scheduled batch job
2026-01-15 10:46:00 WARN Deprecated configuration key used
2026-01-16 10:47:00 WARN Deprecated configuration key used
2026-01-17 10:48:00 ERROR Connection refused: database unreachable
2026-01-18 10:49:00 ERROR Request timeout
2026-01-19 10:50:00 ERROR Connection refused: database unreachable
2026-01-20 10:51:00 ERROR NullPointerException at PaymentService.java:88
2026-01-21 10:52:00 WARN Deprecated configuration key used
2026-01-22 10:53:00 WARN Deprecated configuration key used
2026-01-23 10:54:00 WARN Deprecated configuration key used
2026-01-24 10:55:00 WARN Deprecated configuration key used
2026-01-25 10:56:00 ERROR Request timeout
2026-01-26 10:57:00 INFO Application heartbeat check completed
2026-01-27 10:58:00 ERROR NullPointerException at PaymentService.java:88
2026-01-28 10:59:00 INFO Application heartbeat check completed
2026-01-01 10:00:00 WARN Deprecated configuration key used
2026-01-02 10:01:00 INFO Processing scheduled batch job
2026-01-03 10:02:00 INFO Application heartbeat check completed
2026-01-04 10:03:00 INFO Cache refreshed successfully
2026-01-05 10:04:00 INFO Cache refreshed successfully
2026-01-06 10:05:00 WARN Slow query detected
2026-01-07 10:06:00 INFO Application heartbeat check completed
2026-01-08 10:07:00 ERROR Request timeout
2026-01-09 10:08:00 WARN Slow query detected
2026-01-10 10:09:00 INFO Cache refreshed successfully
2026-01-11 10:10:00 ERROR NullPointerException at PaymentService.java:88
2026-01-12 10:11:00 INFO Processing scheduled batch job
2026-01-13 10:12:00 ERROR Connection refused: database unreachable
2026-01-14 10:13:00 INFO Application heartbeat check completed
2026-01-15 10:14:00 ERROR NullPointerException at PaymentService.java:88
2026-01-16 10:15:00 INFO Application heartbeat check completed
2026-01-17 10:16:00 ERROR NullPointerException at PaymentService.java:88
2026-01-18 10:17:00 INFO Cache refreshed successfully
2026-01-19 10:18:00 INFO Cache refreshed successfully
2026-01-20 10:19:00 INFO Processing scheduled batch job
2026-01-21 10:20:00 ERROR Connection refused: database unreachable
2026-01-22 10:21:00 WARN Deprecated configuration key used
2026-01-23 10:22:00 INFO Cache refreshed successfully
2026-01-24 10:23:00 ERROR Request timeout
2026-01-25 10:24:00 INFO Cache refreshed successfully
2026-01-26 10:25:00 INFO Application heartbeat check completed
2026-01-27 10:26:00 WARN Deprecated configuration key used
2026-01-28 10:27:00 INFO Processing scheduled batch job
2026-01-01 10:28:00 ERROR Request timeout
2026-01-02 10:29:00 WARN Deprecated configuration key used
2026-01-03 10:30:00 ERROR Request timeout
2026-01-04 10:31:00 ERROR NullPointerException at PaymentService.java:88
2026-01-05 10:32:00 INFO Processing scheduled batch job
2026-01-06 10:33:00 ERROR Connection refused: database unreachable
2026-01-07 10:34:00 ERROR NullPointerException at PaymentService.java:88
2026-01-08 10:35:00 ERROR NullPointerException at PaymentService.java:88
2026-01-09 10:36:00 WARN Slow query detected
2026-01-10 10:37:00 ERROR Connection refused: database unreachable
2026-01-11 10:38:00 ERROR Request timeout
2026-01-12 10:39:00 ERROR NullPointerException at PaymentService.java:88
2026-01-13 10:40:00 ERROR Connection refused: database unreachable
2026-01-14 10:41:00 INFO Cache refreshed successfully
2026-01-15 10:42:00 WARN Deprecated configuration key used
2026-01-16 10:43:00 WARN Deprecated configuration key used
2026-01-17 10:44:00 ERROR Connection refused: database unreachable
2026-01-18 10:45:00 ERROR Request timeout
2026-01-19 10:46:00 ERROR Request timeout
2026-01-20 10:47:00 WARN Deprecated configuration key used
2026-01-21 10:48:00 INFO Application heartbeat check completed
2026-01-22 10:49:00 WARN Deprecated configuration key used
2026-01-23 10:50:00 INFO Processing scheduled batch job
2026-01-24 10:51:00 INFO Processing scheduled batch job
2026-01-25 10:52:00 ERROR Request timeout
2026-01-26 10:53:00 WARN Slow query detected
2026-01-27 10:54:00 ERROR Request timeout
2026-01-28 10:55:00 WARN Deprecated configuration key used
2026-01-01 10:56:00 INFO Processing scheduled batch job
2026-01-02 10:57:00 ERROR NullPointerException at PaymentService.java:88
2026-01-03 10:58:00 ERROR Connection refused: database unreachable
2026-01-04 10:59:00 INFO Cache refreshed successfully
2026-01-05 10:00:00 INFO Application heartbeat check completed
2026-01-06 10:01:00 INFO Application heartbeat check completed
2026-01-07 10:02:00 ERROR Request timeout
2026-01-08 10:03:00 ERROR Connection refused: database unreachable
2026-01-09 10:04:00 ERROR Connection refused: database unreachable
2026-01-10 10:05:00 WARN Slow query detected
2026-01-11 10:06:00 ERROR Connection refused: database unreachable
2026-01-12 10:07:00 INFO Cache refreshed successfully
2026-01-13 10:08:00 ERROR Connection refused: database unreachable
2026-01-14 10:09:00 ERROR NullPointerException at PaymentService.java:88
2026-01-15 10:10:00 INFO Processing scheduled batch job
2026-01-16 10:11:00 WARN Slow query detected
2026-01-17 10:12:00 INFO Application heartbeat check completed
2026-01-18 10:13:00 WARN Slow query detected
2026-01-19 10:14:00 INFO Application heartbeat check completed
2026-01-20 10:15:00 INFO Cache refreshed successfully
2026-01-21 10:16:00 WARN Deprecated configuration key used
2026-01-22 10:17:00 ERROR Connection refused: database unreachable
2026-01-23 10:18:00 INFO Application heartbeat check completed
2026-01-24 10:19:00 WARN Deprecated configuration key used
2026-01-25 10:20:00 INFO Processing scheduled batch job
2026-01-26 10:21:00 INFO Cache refreshed successfully
2026-01-27 10:22:00 WARN Deprecated configuration key used
2026-01-28 10:23:00 ERROR Request timeout
2026-01-01 10:24:00 WARN Slow query detected
2026-01-02 10:25:00 INFO Cache refreshed successfully
2026-01-03 10:26:00 WARN Slow query detected
2026-01-04 10:27:00 ERROR NullPointerException at PaymentService.java:88
2026-01-05 10:28:00 INFO Cache refreshed successfully
2026-01-06 10:29:00 WARN Deprecated configuration key used
2026-01-07 10:30:00 WARN Deprecated configuration key used
2026-01-08 10:31:00 WARN Slow query detected
2026-01-09 10:32:00 WARN Deprecated configuration key used
2026-01-10 10:33:00 WARN Slow query detected
2026-01-11 10:34:00 ERROR Connection refused: database unreachable
2026-01-12 10:35:00 WARN Deprecated configuration key used
2026-01-13 10:36:00 WARN Slow query detected
2026-01-14 10:37:00 ERROR NullPointerException at PaymentService.java:88
2026-01-15 10:38:00 ERROR NullPointerException at PaymentService.java:88
2026-01-16 10:39:00 INFO Application heartbeat check completed
2026-01-17 10:40:00 INFO Cache refreshed successfully
2026-01-18 10:41:00 WARN Deprecated configuration key used
2026-01-19 10:42:00 INFO Application heartbeat check completed
2026-01-20 10:43:00 INFO Cache refreshed successfully
2026-01-21 10:44:00 INFO Processing scheduled batch job
2026-01-22 10:45:00 INFO Application heartbeat check completed
2026-01-23 10:46:00 INFO Processing scheduled batch job
2026-01-24 10:47:00 ERROR Connection refused: database unreachable
2026-01-25 10:48:00 ERROR Request timeout
2026-01-26 10:49:00 ERROR Connection refused: database unreachable
2026-01-27 10:50:00 INFO Cache refreshed successfully
2026-01-28 10:51:00 INFO Processing scheduled batch job
2026-01-01 10:52:00 WARN Slow query detected
2026-01-02 10:53:00 WARN Deprecated configuration key used
2026-01-03 10:54:00 WARN Deprecated configuration key used
2026-01-04 10:55:00 INFO Processing scheduled batch job
2026-01-05 10:56:00 WARN Deprecated configuration key used
2026-01-06 10:57:00 WARN Deprecated configuration key used
2026-01-07 10:58:00 WARN Slow query detected
2026-01-08 10:59:00 INFO Processing scheduled batch job
2026-01-09 10:00:00 WARN Slow query detected
2026-01-10 10:01:00 INFO Processing scheduled batch job
2026-01-11 10:02:00 INFO Application heartbeat check completed
2026-01-12 10:03:00 INFO Cache refreshed successfully
2026-01-13 10:04:00 ERROR Connection refused: database unreachable
2026-01-14 10:05:00 ERROR NullPointerException at PaymentService.java:88
2026-01-15 10:06:00 INFO Application heartbeat check completed
2026-01-16 10:07:00 WARN Slow query detected
2026-01-17 10:08:00 ERROR Connection refused: database unreachable
2026-01-18 10:09:00 INFO Cache refreshed successfully
2026-01-19 10:10:00 WARN Deprecated configuration key used
2026-01-20 10:11:00 INFO Cache refreshed successfully
2026-01-21 10:12:00 WARN Deprecated configuration key used
2026-01-22 10:13:00 ERROR NullPointerException at PaymentService.java:88
2026-01-23 10:14:00 INFO Cache refreshed successfully
2026-01-24 10:15:00 WARN Slow query detected
2026-01-25 10:16:00 WARN Slow query detected
2026-01-26 10:17:00 INFO Cache refreshed successfully
2026-01-27 10:18:00 WARN Slow query detected
2026-01-28 10:19:00 WARN Deprecated configuration key used
2026-01-01 10:20:00 WARN Slow query detected
2026-01-02 10:21:00 WARN Deprecated configuration key used
2026-01-03 10:22:00 ERROR NullPointerException at PaymentService.java:88
2026-01-04 10:23:00 ERROR Connection refused: database unreachable
2026-01-05 10:24:00 INFO Application heartbeat check completed
2026-01-06 10:25:00 WARN Deprecated configuration key used
2026-01-07 10:26:00 INFO Cache refreshed successfully
2026-01-08 10:27:00 INFO Cache refreshed successfully
2026-01-09 10:28:00 WARN Slow query detected
2026-01-10 10:29:00 INFO Processing scheduled batch job
2026-01-11 10:30:00 INFO Processing scheduled batch job
2026-01-12 10:31:00 ERROR NullPointerException at PaymentService.java:88
2026-01-13 10:32:00 ERROR Connection refused: database unreachable
2026-01-14 10:33:00 WARN Deprecated configuration key used
2026-01-15 10:34:00 ERROR NullPointerException at PaymentService.java:88
2026-01-16 10:35:00 INFO Application heartbeat check completed
2026-01-17 10:36:00 ERROR NullPointerException at PaymentService.java:88
2026-01-18 10:37:00 ERROR NullPointerException at PaymentService.java:88
2026-01-19 10:38:00 ERROR Connection refused: database unreachable
2026-01-20 10:39:00 ERROR Request timeout
2026-01-21 10:40:00 INFO Application heartbeat check completed
2026-01-22 10:41:00 INFO Application heartbeat check completed
2026-01-23 10:42:00 WARN Slow query detected
2026-01-24 10:43:00 WARN Slow query detected
2026-01-25 10:44:00 ERROR NullPointerException at PaymentService.java:88
2026-01-26 10:45:00 INFO Application heartbeat check completed
2026-01-27 10:46:00 INFO Processing scheduled batch job
2026-01-28 10:47:00 ERROR NullPointerException at PaymentService.java:88
2026-01-01 10:48:00 WARN Deprecated configuration key used
2026-01-02 10:49:00 ERROR Connection refused: database unreachable
2026-01-03 10:50:00 ERROR Request timeout
2026-01-04 10:51:00 WARN Deprecated configuration key used
2026-01-05 10:52:00 INFO Application heartbeat check completed
2026-01-06 10:53:00 WARN Slow query detected
2026-01-07 10:54:00 INFO Processing scheduled batch job
2026-01-08 10:55:00 INFO Processing scheduled batch job
2026-01-09 10:56:00 INFO Application heartbeat check completed
2026-01-10 10:57:00 WARN Deprecated configuration key used
2026-01-11 10:58:00 INFO Cache refreshed successfully
2026-01-12 10:59:00 INFO Application heartbeat check completed
2026-01-13 10:00:00 ERROR Connection refused: database unreachable
2026-01-14 10:01:00 INFO Processing scheduled batch job
2026-01-15 10:02:00 INFO Processing scheduled batch job
2026-01-16 10:03:00 INFO Processing scheduled batch job
2026-01-17 10:04:00 ERROR NullPointerException at PaymentService.java:88
2026-01-18 10:05:00 ERROR NullPointerException at PaymentService.java:88
2026-01-19 10:06:00 INFO Processing scheduled batch job
2026-01-20 10:07:00 WARN Slow query detected
2026-01-21 10:08:00 ERROR Request timeout
2026-01-22 10:09:00 WARN Slow query detected
2026-01-23 10:10:00 INFO Cache refreshed successfully
2026-01-24 10:11:00 INFO Cache refreshed successfully
2026-01-25 10:12:00 ERROR Connection refused: database unreachable
2026-01-26 10:13:00 INFO Application heartbeat check completed
2026-01-27 10:14:00 WARN Deprecated configuration key used
2026-01-28 10:15:00 WARN Deprecated configuration key used
2026-01-01 10:16:00 INFO Cache refreshed successfully
2026-01-02 10:17:00 INFO Processing scheduled batch job
2026-01-03 10:18:00 INFO Application heartbeat check completed
2026-01-04 10:19:00 INFO Processing scheduled batch job
2026-01-05 10:20:00 ERROR NullPointerException at PaymentService.java:88
2026-01-06 10:21:00 ERROR Request timeout
2026-01-07 10:22:00 WARN Slow query detected
2026-01-08 10:23:00 WARN Slow query detected
2026-01-09 10:24:00 ERROR Request timeout
2026-01-10 10:25:00 INFO Processing scheduled batch job
2026-01-11 10:26:00 WARN Deprecated configuration key used
2026-01-12 10:27:00 WARN Slow query detected
2026-01-13 10:28:00 ERROR Request timeout
2026-01-14 10:29:00 ERROR NullPointerException at PaymentService.java:88
2026-01-15 10:30:00 WARN Slow query detected
2026-01-16 10:31:00 INFO Processing scheduled batch job
2026-01-17 10:32:00 INFO Application heartbeat check completed
2026-01-18 10:33:00 WARN Slow query detected
2026-01-19 10:34:00 WARN Slow query detected
2026-01-20 10:35:00 INFO Processing scheduled batch job
2026-01-21 10:36:00 INFO Application heartbeat check completed
2026-01-22 10:37:00 INFO Cache refreshed successfully
2026-01-23 10:38:00 WARN Slow query detected
2026-01-24 10:39:00 ERROR Connection refused: database unreachable
